"lesson_id","lesson_title","segment_id","segment_type","approved_audio_filename","planned_audio_filename","batch_id","qc_status","import_status","target_asset_path","script_text_ar","script_text_support","target_duration_sec","delivery_note","final_resolution","notes"
"V2-A1-01-PREVIEW","Arabic Starts Here","L01_SEG_001","opening","","l01_ord_001_normal.mp3","BATCH_A","QC_PASS","READY_FOR_IMPORT","lesson_01/voiceover/l01_ord_001_normal.mp3","","Arabic Starts Here","3","Short open. Calm lift on the first words, then a clean stop.","READY_FOR_IMPORT",""
"V2-A1-01-PREVIEW","Arabic Starts Here","L01_SEG_002","opening","","l01_ord_002_normal.mp3","BATCH_A","QC_PASS","READY_FOR_IMPORT","lesson_01/voiceover/l01_ord_002_normal.mp3","كتاب","You can find where Arabic starts on كتاب and keep one real meaning anchor attached: book.","7","Steady overview line. Keep the English flowing and slow slightly around Arabic inserts.","READY_FOR_IMPORT",""
"V2-A1-01-PREVIEW","Arabic Starts Here","L01_SEG_003","opening","","l01_ord_003_normal.mp3","BATCH_A","QC_PASS","READY_FOR_IMPORT","lesson_01/voiceover/l01_ord_003_normal.mp3","","Enter Arabic through one supported real word by following it from right to left and linking it to one meaning anchor.","7","Steady overview line. Keep it calm, clear, and lightly encouraging.","READY_FOR_IMPORT",""
"V2-A1-01-PREVIEW","Arabic Starts Here","L01_SEG_004","section_header","","l01_ord_004_normal.mp3","BATCH_A","QC_PASS","READY_FOR_IMPORT","lesson_01/voiceover/l01_ord_004_normal.mp3","","Lesson Goal","3","Short open. Calm lift on the first words, then a clean stop.","READY_FOR_IMPORT",""
"V2-A1-01-PREVIEW","Arabic Starts Here","L01_SEG_005","teaching_narration","","l01_ord_005_normal.mp3","BATCH_A","QC_PASS","READY_FOR_IMPORT","lesson_01/voiceover/l01_ord_005_normal.mp3","","Enter Arabic through one real word. You only need to notice where Arabic starts and keep one meaning anchor attached.","6","Teaching line. Warm, calm, and conversational with one clear sentence boundary.","READY_FOR_IMPORT",""
"V2-A1-01-PREVIEW","Arabic Starts Here","L01_SEG_006","section_header","","l01_ord_006_normal.mp3","BATCH_A","QC_PASS","READY_FOR_IMPORT","lesson_01/voiceover/l01_ord_006_normal.mp3","","First Arabic Anchor","3","Short open. Calm lift on the first words, then a clean stop.","READY_FOR_IMPORT",""
"V2-A1-01-PREVIEW","Arabic Starts Here","L01_SEG_007","teaching_narration","","l01_ord_007_normal.mp3","BATCH_A","QC_PASS","READY_FOR_IMPORT","lesson_01/voiceover/l01_ord_007_normal.mp3","","Use one real Arabic word to enter the script. You do not need every letter yet. Just follow the whole word from the right and connect it to book.","7","Teaching line. Warm, calm, and conversational with one clear sentence boundary.","READY_FOR_IMPORT",""
"V2-A1-01-PREVIEW","Arabic Starts Here","L01_SEG_008","section_header","","l01_ord_008_normal.mp3","BATCH_A","QC_PASS","READY_FOR_IMPORT","lesson_01/voiceover/l01_ord_008_normal.mp3","","Beginner Support Is Allowed","3","Short open. Calm lift on the first words, then a clean stop.","READY_FOR_IMPORT",""
"V2-A1-01-PREVIEW","Arabic Starts Here","L01_SEG_009","teaching_narration","","l01_ord_009_normal.mp3","BATCH_A","QC_PASS","READY_FOR_IMPORT","lesson_01/voiceover/l01_ord_009_normal.mp3","","You do not need to decode every letter yet. The whole word, audio, and meaning cue are all allowed supports for your first Arabic step.","7","Teaching line. Warm, calm, and conversational with one clear sentence boundary.","READY_FOR_IMPORT",""
"V2-A1-01-PREVIEW","Arabic Starts Here","L01_SEG_010","section_header","","l01_ord_010_normal.mp3","BATCH_A","QC_PASS","READY_FOR_IMPORT","lesson_01/voiceover/l01_ord_010_normal.mp3","","Watch The Entry Move","3","Short open. Calm lift on the first words, then a clean stop.","READY_FOR_IMPORT",""
"V2-A1-01-PREVIEW","Arabic Starts Here","L01_SEG_011","teaching_narration","","l01_ord_011_normal.mp3","BATCH_A","QC_PASS","READY_FOR_IMPORT","lesson_01/voiceover/l01_ord_011_normal.mp3","","For this first step, keep two things together: start on the right, and let the whole word already mean book.","6","Teaching line. Warm, calm, and conversational with one clear sentence boundary.","READY_FOR_IMPORT",""
"V2-A1-01-PREVIEW","Arabic Starts Here","L01_SEG_012","instruction_prompt","","l01_ord_012_normal.mp3","BATCH_A","QC_PASS","READY_FOR_IMPORT","lesson_01/voiceover/l01_ord_012_normal.mp3","كتاب","Hear the word, then tap كتاب.","5","Instructional prompt. Keep the action verb crisp, leave one clean beat before the Arabic, and allow answer space at the end.","READY_FOR_IMPORT",""
"V2-A1-01-PREVIEW","Arabic Starts Here","L01_SEG_013","instruction_prompt","","l01_ord_013_normal.mp3","BATCH_A","QC_PASS","READY_FOR_IMPORT","lesson_01/voiceover/l01_ord_013_normal.mp3","كتاب","On كتاب, where does reading begin?","5","Instructional prompt. Keep the action verb crisp, leave one clean beat before the Arabic, and allow answer space at the end.","READY_FOR_IMPORT",""
"V2-A1-01-PREVIEW","Arabic Starts Here","L01_SEG_014","instruction_prompt","","l01_ord_014_normal.mp3","BATCH_A","QC_PASS","READY_FOR_IMPORT","lesson_01/voiceover/l01_ord_014_normal.mp3","كتاب","In this chapter entry, كتاب means...","5","Instructional prompt. Keep the action verb crisp, leave one clean beat before the Arabic, and allow answer space at the end.","READY_FOR_IMPORT",""
"V2-A1-01-PREVIEW","Arabic Starts Here","L01_SEG_015","instruction_prompt","","l01_ord_015_normal.mp3","BATCH_A","QC_PASS","READY_FOR_IMPORT","lesson_01/voiceover/l01_ord_015_normal.mp3","كتاب","Without the guide, type the side where reading begins on كتاب.","6","Instructional prompt. Keep the action verb crisp, leave one clean beat before the Arabic, and allow answer space at the end.","READY_FOR_IMPORT",""
"V2-A1-01-PREVIEW","Arabic Starts Here","L01_SEG_016","instruction_prompt","","l01_ord_016_normal.mp3","BATCH_A","QC_PASS","READY_FOR_IMPORT","lesson_01/voiceover/l01_ord_016_normal.mp3","كتاب","The English hint is gone. Type the meaning anchor for كتاب.","6","Instructional prompt. Keep the action verb crisp, leave one clean beat before the Arabic, and allow answer space at the end.","READY_FOR_IMPORT",""
"V2-A1-01-PREVIEW","Arabic Starts Here","L01_SEG_017","instruction_prompt","","l01_ord_017_normal.mp3","BATCH_A","QC_PASS","READY_FOR_IMPORT","lesson_01/voiceover/l01_ord_017_normal.mp3","","Build the pair you will carry into the next lesson.","5","Instructional prompt. Keep the action verb crisp and allow a short answer pause at the end.","READY_FOR_IMPORT",""
"V2-A1-01-PREVIEW","Arabic Starts Here","L01_AR_001","word","","l01_ar_001_normal.mp3","BATCH_A","QC_PASS","READY_FOR_IMPORT","lesson_01/voiceover/l01_ar_001_normal.mp3","كتاب","display=كتاب ; transliteration=kitab ; meaning=book","3","Single Arabic word. Neutral model, one clean pronunciation, no extra sentence melody.","READY_FOR_IMPORT",""
"V2-A1-02-PREVIEW","First Real Word Success","L02_SEG_001","opening","","l02_ord_001_normal.mp3","BATCH_A","QC_PASS","READY_FOR_IMPORT","lesson_02/voiceover/l02_ord_001_normal.mp3","","First Real Word Success","3","Short open. Calm lift on the first words, then a clean stop.","READY_FOR_IMPORT",""
"V2-A1-02-PREVIEW","First Real Word Success","L02_SEG_002","opening","","l02_ord_002_normal.mp3","BATCH_A","QC_PASS","READY_FOR_IMPORT","lesson_02/voiceover/l02_ord_002_normal.mp3","كتاب","You can recognize and recall كتاب as the Arabic word for book. This is your first owned Arabic word.","7","Steady overview line. Keep the English flowing and slow slightly around Arabic inserts.","READY_FOR_IMPORT",""
"V2-A1-02-PREVIEW","First Real Word Success","L02_SEG_003","opening","","l02_ord_003_normal.mp3","BATCH_A","QC_PASS","READY_FOR_IMPORT","lesson_02/voiceover/l02_ord_003_normal.mp3","كتاب","Recognize and recall كتاب as the Arabic word for book.","6","Steady overview line. Keep the English flowing and slow slightly around Arabic inserts.","READY_FOR_IMPORT",""
"V2-A1-02-PREVIEW","First Real Word Success","L02_SEG_004","section_header","","l02_ord_004_normal.mp3","BATCH_A","QC_PASS","READY_FOR_IMPORT","lesson_02/voiceover/l02_ord_004_normal.mp3","","Lesson Goal","3","Short open. Calm lift on the first words, then a clean stop.","READY_FOR_IMPORT",""
"V2-A1-02-PREVIEW","First Real Word Success","L02_SEG_005","teaching_narration","","l02_ord_005_normal.mp3","BATCH_A","QC_PASS","READY_FOR_IMPORT","lesson_02/voiceover/l02_ord_005_normal.mp3","","Learn one real Arabic word well enough to hear it, spot it, and bring it back from memory.","6","Teaching line. Warm, calm, and conversational with one clear sentence boundary.","READY_FOR_IMPORT",""
"V2-A1-02-PREVIEW","First Real Word Success","L02_SEG_006","section_header","","l02_ord_006_normal.mp3","BATCH_A","QC_PASS","READY_FOR_IMPORT","lesson_02/voiceover/l02_ord_006_normal.mp3","","Whole Word First","3","Short open. Calm lift on the first words, then a clean stop.","READY_FOR_IMPORT",""
"V2-A1-02-PREVIEW","First Real Word Success","L02_SEG_007","teaching_narration","","l02_ord_007_normal.mp3","BATCH_A","QC_PASS","READY_FOR_IMPORT","lesson_02/voiceover/l02_ord_007_normal.mp3","كتاب","Meet كتاب as one meaningful Arabic word. Let the whole shape, sound, and meaning stay together.","6","Teaching line. Warm and clear. Slow slightly around the Arabic and return to the base pace after it.","READY_FOR_IMPORT",""
"V2-A1-02-PREVIEW","First Real Word Success","L02_SEG_008","section_header","","l02_ord_008_normal.mp3","BATCH_A","QC_PASS","READY_FOR_IMPORT","lesson_02/voiceover/l02_ord_008_normal.mp3","","Whole Word Support","3","Short open. Calm lift on the first words, then a clean stop.","READY_FOR_IMPORT",""
"V2-A1-02-PREVIEW","First Real Word Success","L02_SEG_009","teaching_narration","","l02_ord_009_normal.mp3","BATCH_A","QC_PASS","READY_FOR_IMPORT","lesson_02/voiceover/l02_ord_009_normal.mp3","","You do not need to study every letter in isolation first. For this lesson, the whole word is the learning unit.","6","Teaching line. Warm, calm, and conversational with one clear sentence boundary.","READY_FOR_IMPORT",""
"V2-A1-02-PREVIEW","First Real Word Success","L02_SEG_010","section_header","","l02_ord_010_normal.mp3","BATCH_A","QC_PASS","READY_FOR_IMPORT","lesson_02/voiceover/l02_ord_010_normal.mp3","","See The Whole Shape","3","Short open. Calm lift on the first words, then a clean stop.","READY_FOR_IMPORT",""
"V2-A1-02-PREVIEW","First Real Word Success","L02_SEG_011","teaching_narration","","l02_ord_011_normal.mp3","BATCH_A","QC_PASS","READY_FOR_IMPORT","lesson_02/voiceover/l02_ord_011_normal.mp3","كتاب","Use contrast at the whole-word level. You are learning كتاب as book, not memorizing isolated letters.","6","Teaching line. Warm and clear. Slow slightly around the Arabic and return to the base pace after it.","READY_FOR_IMPORT",""
"V2-A1-02-PREVIEW","First Real Word Success","L02_SEG_012","instruction_prompt","","l02_ord_012_normal.mp3","BATCH_A","QC_PASS","READY_FOR_IMPORT","lesson_02/voiceover/l02_ord_012_normal.mp3","كتاب","Hear the word, then tap كتاب.","5","Instructional prompt. Keep the action verb crisp, leave one clean beat before the Arabic, and allow answer space at the end.","READY_FOR_IMPORT",""
"V2-A1-02-PREVIEW","First Real Word Success","L02_SEG_013","instruction_prompt","","l02_ord_013_normal.mp3","BATCH_A","QC_PASS","READY_FOR_IMPORT","lesson_02/voiceover/l02_ord_013_normal.mp3","كتاب","What does كتاب mean?","5","Instructional prompt. Keep the action verb crisp, leave one clean beat before the Arabic, and allow answer space at the end.","READY_FOR_IMPORT",""
"V2-A1-02-PREVIEW","First Real Word Success","L02_SEG_014","instruction_prompt","","l02_ord_014_normal.mp3","BATCH_A","QC_PASS","READY_FOR_IMPORT","lesson_02/voiceover/l02_ord_014_normal.mp3","كتاب","Which whole-word shape is كتاب?","5","Instructional prompt. Keep the action verb crisp, leave one clean beat before the Arabic, and allow answer space at the end.","READY_FOR_IMPORT",""
"V2-A1-02-PREVIEW","First Real Word Success","L02_SEG_015","instruction_prompt","","l02_ord_015_normal.mp3","BATCH_A","QC_PASS","READY_FOR_IMPORT","lesson_02/voiceover/l02_ord_015_normal.mp3","","The English prompt is all you get now. Type the Arabic word for book.","6","Instructional prompt. Keep the action verb crisp and allow a short answer pause at the end.","READY_FOR_IMPORT",""
"V2-A1-02-PREVIEW","First Real Word Success","L02_SEG_016","instruction_prompt","","l02_ord_016_normal.mp3","BATCH_A","QC_PASS","READY_FOR_IMPORT","lesson_02/voiceover/l02_ord_016_normal.mp3","كتاب","Look at كتاب. Type its meaning.","5","Instructional prompt. Keep the action verb crisp, leave one clean beat before the Arabic, and allow answer space at the end.","READY_FOR_IMPORT",""
"V2-A1-02-PREVIEW","First Real Word Success","L02_SEG_017","instruction_prompt","","l02_ord_017_normal.mp3","BATCH_A","QC_PASS","READY_FOR_IMPORT","lesson_02/voiceover/l02_ord_017_normal.mp3","كتاب","See كتاب, then say kitab once.","5","Instructional prompt. Keep the action verb crisp, leave one clean beat before the Arabic, and allow answer space at the end.","READY_FOR_IMPORT",""
"V2-A1-02-PREVIEW","First Real Word Success","L02_AR_001","word","","l02_ar_001_normal.mp3","BATCH_A","QC_PASS","READY_FOR_IMPORT","lesson_02/voiceover/l02_ar_001_normal.mp3","كتاب","display=كتاب ; transliteration=kitab ; meaning=book","3","Single Arabic word. Neutral model, one clean pronunciation, no extra sentence melody.","READY_FOR_IMPORT",""
"V2-A1-02-PREVIEW","First Real Word Success","L02_AR_002","list","","l02_ar_002_normal.mp3","BATCH_A","QC_PASS","READY_FOR_IMPORT","lesson_02/voiceover/l02_ar_002_normal.mp3","كتاب / باب / قلم","display=كتاب / باب / قلم","5","Arabic list, not a sentence. Give each item its own beat and keep the order clean.","READY_FOR_IMPORT",""
"lesson_05_qalam_first_real_word_extension","One More Real Word: قلم","L05_SEG_001","opening","","l05_ord_001_normal.mp3","BATCH_B","QC_PASS","READY_FOR_IMPORT","lesson_05/voiceover/l05_ord_001_normal.mp3","قلم","One More Real Word: قلم","4","Short open. Calm lift on the first words, then a clean stop.","READY_FOR_IMPORT",""
"lesson_05_qalam_first_real_word_extension","One More Real Word: قلم","L05_SEG_002","opening","","l05_ord_002_normal.mp3","BATCH_B","QC_PASS","READY_FOR_IMPORT","lesson_05/voiceover/l05_ord_002_normal.mp3","قلم","After this lesson, you can recognize, hear, recall, and say قلم for pen.","7","Steady overview line. Keep the English flowing and slow slightly around Arabic inserts.","READY_FOR_IMPORT",""
"lesson_05_qalam_first_real_word_extension","One More Real Word: قلم","L05_SEG_003","opening","","l05_ord_003_normal.mp3","BATCH_B","QC_PASS","READY_FOR_IMPORT","lesson_05/voiceover/l05_ord_003_normal.mp3","قلم","Recognize and recall قلم as the Arabic word for pen.","6","Steady overview line. Keep the English flowing and slow slightly around Arabic inserts.","READY_FOR_IMPORT",""
"lesson_05_qalam_first_real_word_extension","One More Real Word: قلم","L05_SEG_004","section_header","","l05_ord_004_normal.mp3","BATCH_B","QC_PASS","READY_FOR_IMPORT","lesson_05/voiceover/l05_ord_004_normal.mp3","","Lesson Goal","3","Short open. Calm lift on the first words, then a clean stop.","READY_FOR_IMPORT",""
"lesson_05_qalam_first_real_word_extension","One More Real Word: قلم","L05_SEG_005","teaching_narration","","l05_ord_005_normal.mp3","BATCH_B","QC_PASS","READY_FOR_IMPORT","lesson_05/voiceover/l05_ord_005_normal.mp3","قلم","Add one more real Arabic word to your pack: قلم = pen.","5","Teaching line. Warm and clear. Slow slightly around the Arabic and return to the base pace after it.","READY_FOR_IMPORT",""
"lesson_05_qalam_first_real_word_extension","One More Real Word: قلم","L05_SEG_006","section_header","","l05_ord_006_normal.mp3","BATCH_B","QC_PASS","READY_FOR_IMPORT","lesson_05/voiceover/l05_ord_006_normal.mp3","","One More Real Word","3","Short open. Calm lift on the first words, then a clean stop.","READY_FOR_IMPORT",""
"lesson_05_qalam_first_real_word_extension","One More Real Word: قلم","L05_SEG_007","teaching_narration","","l05_ord_007_normal.mp3","BATCH_B","QC_PASS","READY_FOR_IMPORT","lesson_05/voiceover/l05_ord_007_normal.mp3","قلم","Meet قلم as one more useful Arabic word. Keep the whole shape, sound, and meaning together.","6","Teaching line. Warm and clear. Slow slightly around the Arabic and return to the base pace after it.","READY_FOR_IMPORT",""
"lesson_05_qalam_first_real_word_extension","One More Real Word: قلم","L05_SEG_008","section_header","","l05_ord_008_normal.mp3","BATCH_B","QC_PASS","READY_FOR_IMPORT","lesson_05/voiceover/l05_ord_008_normal.mp3","","Your Pack Is Growing","3","Short open. Calm lift on the first words, then a clean stop.","READY_FOR_IMPORT",""
"lesson_05_qalam_first_real_word_extension","One More Real Word: قلم","L05_SEG_009","teaching_narration","","l05_ord_009_normal.mp3","BATCH_B","QC_PASS","READY_FOR_IMPORT","lesson_05/voiceover/l05_ord_009_normal.mp3","كتاب باب قلم","كتاب and باب stay nearby as safe anchors, but this lesson is really about owning قلم as your next real word.","7","Teaching line. Warm and clear. Slow slightly around the Arabic and return to the base pace after it.","READY_FOR_IMPORT",""
"lesson_05_qalam_first_real_word_extension","One More Real Word: قلم","L05_SEG_010","section_header","","l05_ord_010_normal.mp3","BATCH_B","QC_PASS","READY_FOR_IMPORT","lesson_05/voiceover/l05_ord_010_normal.mp3","","See It In The Pack","3","Short open. Calm lift on the first words, then a clean stop.","READY_FOR_IMPORT",""
"lesson_05_qalam_first_real_word_extension","One More Real Word: قلم","L05_SEG_011","teaching_narration","","l05_ord_011_normal.mp3","BATCH_B","QC_PASS","READY_FOR_IMPORT","lesson_05/voiceover/l05_ord_011_normal.mp3","قلم","Use whole-word contrast only. قلم should feel like another real item in the pack, not a return to isolated script study.","7","Teaching line. Warm and clear. Slow slightly around the Arabic and return to the base pace after it.","READY_FOR_IMPORT",""
"lesson_05_qalam_first_real_word_extension","One More Real Word: قلم","L05_SEG_012","instruction_prompt","","l05_ord_012_normal.mp3","BATCH_B","QC_PASS","READY_FOR_IMPORT","lesson_05/voiceover/l05_ord_012_normal.mp3","قلم","In this lesson, قلم means...","5","Instructional prompt. Keep the action verb crisp, leave one clean beat before the Arabic, and allow answer space at the end.","READY_FOR_IMPORT",""
"lesson_05_qalam_first_real_word_extension","One More Real Word: قلم","L05_SEG_013","instruction_prompt","","l05_ord_013_normal.mp3","BATCH_B","QC_PASS","READY_FOR_IMPORT","lesson_05/voiceover/l05_ord_013_normal.mp3","","Which Arabic word means pen?","5","Instructional prompt. Keep the action verb crisp and allow a short answer pause at the end.","READY_FOR_IMPORT",""
"lesson_05_qalam_first_real_word_extension","One More Real Word: قلم","L05_SEG_014","instruction_prompt","","l05_ord_014_normal.mp3","BATCH_B","QC_PASS","READY_FOR_IMPORT","lesson_05/voiceover/l05_ord_014_normal.mp3","قلم","Listen, then tap قلم.","5","Instructional prompt. Keep the action verb crisp, leave one clean beat before the Arabic, and allow answer space at the end.","READY_FOR_IMPORT",""
"lesson_05_qalam_first_real_word_extension","One More Real Word: قلم","L05_SEG_015","instruction_prompt","","l05_ord_015_normal.mp3","BATCH_B","QC_PASS","READY_FOR_IMPORT","lesson_05/voiceover/l05_ord_015_normal.mp3","","You mean pen. Recall the Arabic word from memory.","5","Instructional prompt. Keep the action verb crisp and allow a short answer pause at the end.","READY_FOR_IMPORT",""
"lesson_05_qalam_first_real_word_extension","One More Real Word: قلم","L05_SEG_016","instruction_prompt","","l05_ord_016_normal.mp3","BATCH_B","QC_PASS","READY_FOR_IMPORT","lesson_05/voiceover/l05_ord_016_normal.mp3","قلم","See pen, say قلم once, then type it to lock it in.","6","Instructional prompt. Keep the action verb crisp, leave one clean beat before the Arabic, and allow answer space at the end.","READY_FOR_IMPORT",""
"lesson_05_qalam_first_real_word_extension","One More Real Word: قلم","L05_AR_001","word","","l05_ar_001_normal.mp3","BATCH_B","QC_PASS","READY_FOR_IMPORT","lesson_05/voiceover/l05_ar_001_normal.mp3","قلم","display=قلم ; transliteration=qalam ; meaning=pen","3","Single Arabic word. Neutral model, one clean pronunciation, no extra sentence melody.","READY_FOR_IMPORT",""
"lesson_05_qalam_first_real_word_extension","One More Real Word: قلم","L05_AR_002","list","","l05_ar_002_normal.mp3","BATCH_B","QC_PASS","READY_FOR_IMPORT","lesson_05/voiceover/l05_ar_002_normal.mp3","كتاب / باب / قلم","display=كتاب / باب / قلم","5","Arabic list, not a sentence. Give each item its own beat and keep the order clean.","READY_FOR_IMPORT",""
"lesson_06_hadha_first_fixed_expression","This Is... Your First Fixed Expression","L06_SEG_001","opening","","l06_ord_001_normal.mp3","BATCH_B","QC_PASS","READY_FOR_IMPORT","lesson_06/voiceover/l06_ord_001_normal.mp3","","This Is... Your First Fixed Expression","3","Short open. Calm lift on the first words, then a clean stop.","READY_FOR_IMPORT",""
"lesson_06_hadha_first_fixed_expression","This Is... Your First Fixed Expression","L06_SEG_002","opening","","l06_ord_002_normal.mp3","BATCH_B","QC_PASS","READY_FOR_IMPORT","lesson_06/voiceover/l06_ord_002_normal.mp3","هذا كتاب هذا قلم","After this lesson, you can understand, build, and say هذا كتاب and هذا قلم.","7","Steady overview line. Keep the English flowing and slow slightly around Arabic inserts.","READY_FOR_IMPORT",""
"lesson_06_hadha_first_fixed_expression","This Is... Your First Fixed Expression","L06_SEG_003","opening","","l06_ord_003_normal.mp3","BATCH_B","QC_PASS","READY_FOR_IMPORT","lesson_06/voiceover/l06_ord_003_normal.mp3","هذا","Understand, build, and recall one fixed هذا + noun expression frame.","6","Steady overview line. Keep the English flowing and slow slightly around Arabic inserts.","READY_FOR_IMPORT",""
"lesson_06_hadha_first_fixed_expression","This Is... Your First Fixed Expression","L06_SEG_004","section_header","","l06_ord_004_normal.mp3","BATCH_B","QC_PASS","READY_FOR_IMPORT","lesson_06/voiceover/l06_ord_004_normal.mp3","","Lesson Goal","3","Short open. Calm lift on the first words, then a clean stop.","READY_FOR_IMPORT",""
"lesson_06_hadha_first_fixed_expression","This Is... Your First Fixed Expression","L06_SEG_005","teaching_narration","","l06_ord_005_normal.mp3","BATCH_B","QC_PASS","READY_FOR_IMPORT","lesson_06/voiceover/l06_ord_005_normal.mp3","هذا","Turn known words into your first tiny Arabic line: هذا + noun.","5","Teaching line. Warm and clear. Slow slightly around the Arabic and return to the base pace after it.","READY_FOR_IMPORT",""
"lesson_06_hadha_first_fixed_expression","This Is... Your First Fixed Expression","L06_SEG_006","section_header","","l06_ord_006_normal.mp3","BATCH_B","QC_PASS","READY_FOR_IMPORT","lesson_06/voiceover/l06_ord_006_normal.mp3","","First Short Line","3","Short open. Calm lift on the first words, then a clean stop.","READY_FOR_IMPORT",""
"lesson_06_hadha_first_fixed_expression","This Is... Your First Fixed Expression","L06_SEG_007","teaching_narration","","l06_ord_007_normal.mp3","BATCH_B","QC_PASS","READY_FOR_IMPORT","lesson_06/voiceover/l06_ord_007_normal.mp3","هذا كتاب","Start with one useful whole line. هذا كتاب should feel like one tiny readable chunk, not a grammar lecture.","6","Teaching line. Warm and clear. Slow slightly around the Arabic and return to the base pace after it.","READY_FOR_IMPORT",""
"lesson_06_hadha_first_fixed_expression","This Is... Your First Fixed Expression","L06_SEG_008","section_header","","l06_ord_008_normal.mp3","BATCH_B","QC_PASS","READY_FOR_IMPORT","lesson_06/voiceover/l06_ord_008_normal.mp3","","Reuse The New Word","3","Short open. Calm lift on the first words, then a clean stop.","READY_FOR_IMPORT",""
"lesson_06_hadha_first_fixed_expression","This Is... Your First Fixed Expression","L06_SEG_009","teaching_narration","","l06_ord_009_normal.mp3","BATCH_B","QC_PASS","READY_FOR_IMPORT","lesson_06/voiceover/l06_ord_009_normal.mp3","هذا قلم","Now reuse the same frame with your new word: هذا قلم.","5","Teaching line. Warm and clear. Slow slightly around the Arabic and return to the base pace after it.","READY_FOR_IMPORT",""
"lesson_06_hadha_first_fixed_expression","This Is... Your First Fixed Expression","L06_SEG_010","section_header","","l06_ord_010_normal.mp3","BATCH_B","QC_PASS","READY_FOR_IMPORT","lesson_06/voiceover/l06_ord_010_normal.mp3","","One Stable Opening","3","Short open. Calm lift on the first words, then a clean stop.","READY_FOR_IMPORT",""
"lesson_06_hadha_first_fixed_expression","This Is... Your First Fixed Expression","L06_SEG_011","teaching_narration","","l06_ord_011_normal.mp3","BATCH_B","QC_PASS","READY_FOR_IMPORT","lesson_06/voiceover/l06_ord_011_normal.mp3","","Keep the opening stable and let the noun change. That is the beginner win here.","5","Teaching line. Warm, calm, and conversational with one clear sentence boundary.","READY_FOR_IMPORT",""
"lesson_06_hadha_first_fixed_expression","This Is... Your First Fixed Expression","L06_SEG_012","instruction_prompt","","l06_ord_012_normal.mp3","BATCH_B","QC_PASS","READY_FOR_IMPORT","lesson_06/voiceover/l06_ord_012_normal.mp3","هذا كتاب","What does هذا كتاب mean?","5","Instructional prompt. Keep the action verb crisp, leave one clean beat before the Arabic, and allow answer space at the end.","READY_FOR_IMPORT",""
"lesson_06_hadha_first_fixed_expression","This Is... Your First Fixed Expression","L06_SEG_013","instruction_prompt","","l06_ord_013_normal.mp3","BATCH_B","QC_PASS","READY_FOR_IMPORT","lesson_06/voiceover/l06_ord_013_normal.mp3","","Which line means this is a pen?","5","Instructional prompt. Keep the action verb crisp and allow a short answer pause at the end.","READY_FOR_IMPORT",""
"lesson_06_hadha_first_fixed_expression","This Is... Your First Fixed Expression","L06_SEG_014","instruction_prompt","","l06_ord_014_normal.mp3","BATCH_B","QC_PASS","READY_FOR_IMPORT","lesson_06/voiceover/l06_ord_014_normal.mp3","هذا كتاب","Listen first, then tap هذا كتاب.","5","Instructional prompt. Keep the action verb crisp, leave one clean beat before the Arabic, and allow answer space at the end.","READY_FOR_IMPORT",""
"lesson_06_hadha_first_fixed_expression","This Is... Your First Fixed Expression","L06_SEG_015","instruction_prompt","","l06_ord_015_normal.mp3","BATCH_B","QC_PASS","READY_FOR_IMPORT","lesson_06/voiceover/l06_ord_015_normal.mp3","","Build the full line for this is a pen.","5","Instructional prompt. Keep the action verb crisp and allow a short answer pause at the end.","READY_FOR_IMPORT",""
"lesson_06_hadha_first_fixed_expression","This Is... Your First Fixed Expression","L06_SEG_016","instruction_prompt","","l06_ord_016_normal.mp3","BATCH_B","QC_PASS","READY_FOR_IMPORT","lesson_06/voiceover/l06_ord_016_normal.mp3","","Now recall the full line for this is a book.","5","Instructional prompt. Keep the action verb crisp and allow a short answer pause at the end.","READY_FOR_IMPORT",""
"lesson_06_hadha_first_fixed_expression","This Is... Your First Fixed Expression","L06_SEG_017","instruction_prompt","","l06_ord_017_normal.mp3","BATCH_B","QC_PASS","READY_FOR_IMPORT","lesson_06/voiceover/l06_ord_017_normal.mp3","","See the line, say it once, then type it to finish strong.","5","Instructional prompt. Keep the action verb crisp and allow a short answer pause at the end.","READY_FOR_IMPORT",""
"lesson_06_hadha_first_fixed_expression","This Is... Your First Fixed Expression","L06_AR_001","short_phrase","","l06_ar_001_normal.mp3","BATCH_B","QC_PASS","READY_FOR_IMPORT","lesson_06/voiceover/l06_ar_001_normal.mp3","هذا كتاب","display=هذا كتاب ; transliteration=hadha kitab ; meaning=this is a book","3","Short Arabic phrase. Keep the word boundary clear and easy to repeat once.","READY_FOR_IMPORT",""
"lesson_06_hadha_first_fixed_expression","This Is... Your First Fixed Expression","L06_AR_002","short_phrase","","l06_ar_002_normal.mp3","BATCH_B","QC_PASS","READY_FOR_IMPORT","lesson_06/voiceover/l06_ar_002_normal.mp3","هذا قلم","display=هذا قلم ; transliteration=hadha qalam ; meaning=this is a pen","3","Short Arabic phrase. Keep the word boundary clear and easy to repeat once.","READY_FOR_IMPORT",""
"lesson_06_hadha_first_fixed_expression","This Is... Your First Fixed Expression","L06_AR_003","list","","l06_ar_003_normal.mp3","BATCH_B","QC_PASS","READY_FOR_IMPORT","lesson_06/voiceover/l06_ar_003_normal.mp3","هذا كتاب / هذا قلم / هذا باب","display=هذا كتاب / هذا قلم / هذا باب","6","Arabic list, not a sentence. Give each item its own beat and keep the order clean.","READY_FOR_IMPORT",""
"lesson_07_audio_first_known_content_recognition","Hear What You Already Know","L07_SEG_001","opening","","l07_ord_001_normal.mp3","BATCH_B","QC_PASS","READY_FOR_IMPORT","lesson_07/voiceover/l07_ord_001_normal.mp3","","Hear What You Already Know","3","Short open. Calm lift on the first words, then a clean stop.","READY_FOR_IMPORT",""
"lesson_07_audio_first_known_content_recognition","Hear What You Already Know","L07_SEG_002","opening","","l07_ord_002_normal.mp3","BATCH_B","QC_PASS","READY_FOR_IMPORT","lesson_07/voiceover/l07_ord_002_normal.mp3","","After this lesson, you can catch familiar Arabic from audio across one word and one tiny line.","7","Steady overview line. Keep it calm, clear, and lightly encouraging.","READY_FOR_IMPORT",""
"lesson_07_audio_first_known_content_recognition","Hear What You Already Know","L07_SEG_003","opening","","l07_ord_003_normal.mp3","BATCH_B","QC_PASS","READY_FOR_IMPORT","lesson_07/voiceover/l07_ord_003_normal.mp3","","Recognize already known beginner Arabic content directly from audio before relying on print.","6","Steady overview line. Keep it calm, clear, and lightly encouraging.","READY_FOR_IMPORT",""
"lesson_07_audio_first_known_content_recognition","Hear What You Already Know","L07_SEG_004","section_header","","l07_ord_004_normal.mp3","BATCH_B","QC_PASS","READY_FOR_IMPORT","lesson_07/voiceover/l07_ord_004_normal.mp3","","Lesson Goal","3","Short open. Calm lift on the first words, then a clean stop.","READY_FOR_IMPORT",""
"lesson_07_audio_first_known_content_recognition","Hear What You Already Know","L07_SEG_005","teaching_narration","","l07_ord_005_normal.mp3","BATCH_B","QC_PASS","READY_FOR_IMPORT","lesson_07/voiceover/l07_ord_005_normal.mp3","","Listen for content you already know before your eyes do the work.","5","Teaching line. Warm, calm, and conversational with one clear sentence boundary.","READY_FOR_IMPORT",""
"lesson_07_audio_first_known_content_recognition","Hear What You Already Know","L07_SEG_006","section_header","","l07_ord_006_normal.mp3","BATCH_B","QC_PASS","READY_FOR_IMPORT","lesson_07/voiceover/l07_ord_006_normal.mp3","","Listen To The Known Pack","3","Short open. Calm lift on the first words, then a clean stop.","READY_FOR_IMPORT",""
"lesson_07_audio_first_known_content_recognition","Hear What You Already Know","L07_SEG_007","teaching_narration","","l07_ord_007_normal.mp3","BATCH_B","QC_PASS","READY_FOR_IMPORT","lesson_07/voiceover/l07_ord_007_normal.mp3","كتاب باب قلم هذا","Nothing new is being added here. كتاب, باب, قلم, and tiny هذا lines are just becoming more audible.","6","Teaching line. Warm and clear. Slow slightly around the Arabic and return to the base pace after it.","READY_FOR_IMPORT",""
"lesson_07_audio_first_known_content_recognition","Hear What You Already Know","L07_SEG_008","section_header","","l07_ord_008_normal.mp3","BATCH_B","QC_PASS","READY_FOR_IMPORT","lesson_07/voiceover/l07_ord_008_normal.mp3","","Word Or Tiny Line?","3","Short open. Calm lift on the first words, then a clean stop.","READY_FOR_IMPORT",""
"lesson_07_audio_first_known_content_recognition","Hear What You Already Know","L07_SEG_009","teaching_narration","","l07_ord_009_normal.mp3","BATCH_B","QC_PASS","READY_FOR_IMPORT","lesson_07/voiceover/l07_ord_009_normal.mp3","","Listen for whether you heard the word alone or the tiny line that wraps it.","5","Teaching line. Warm, calm, and conversational with one clear sentence boundary.","READY_FOR_IMPORT",""
"lesson_07_audio_first_known_content_recognition","Hear What You Already Know","L07_SEG_010","section_header","","l07_ord_010_normal.mp3","BATCH_B","QC_PASS","READY_FOR_IMPORT","lesson_07/voiceover/l07_ord_010_normal.mp3","","Listen First","3","Short open. Calm lift on the first words, then a clean stop.","READY_FOR_IMPORT",""
"lesson_07_audio_first_known_content_recognition","Hear What You Already Know","L07_SEG_011","teaching_narration","","l07_ord_011_normal.mp3","BATCH_B","QC_PASS","READY_FOR_IMPORT","lesson_07/voiceover/l07_ord_011_normal.mp3","","This is still a very small listening win. The goal is simply to hear what you already know more directly.","6","Teaching line. Warm, calm, and conversational with one clear sentence boundary.","READY_FOR_IMPORT",""
"lesson_07_audio_first_known_content_recognition","Hear What You Already Know","L07_SEG_012","instruction_prompt","","l07_ord_012_normal.mp3","BATCH_B","QC_PASS","READY_FOR_IMPORT","lesson_07/voiceover/l07_ord_012_normal.mp3","قلم","Listen first, then tap قلم.","5","Instructional prompt. Keep the action verb crisp, leave one clean beat before the Arabic, and allow answer space at the end.","READY_FOR_IMPORT",""
"lesson_07_audio_first_known_content_recognition","Hear What You Already Know","L07_SEG_013","instruction_prompt","","l07_ord_013_normal.mp3","BATCH_B","QC_PASS","READY_FOR_IMPORT","lesson_07/voiceover/l07_ord_013_normal.mp3","هذا كتاب","Listen first, then tap هذا كتاب.","5","Instructional prompt. Keep the action verb crisp, leave one clean beat before the Arabic, and allow answer space at the end.","READY_FOR_IMPORT",""
"lesson_07_audio_first_known_content_recognition","Hear What You Already Know","L07_SEG_014","instruction_prompt","","l07_ord_014_normal.mp3","BATCH_B","QC_PASS","READY_FOR_IMPORT","lesson_07/voiceover/l07_ord_014_normal.mp3","هذا قلم","Listen first, then tap هذا قلم.","5","Instructional prompt. Keep the action verb crisp, leave one clean beat before the Arabic, and allow answer space at the end.","READY_FOR_IMPORT",""
"lesson_07_audio_first_known_content_recognition","Hear What You Already Know","L07_SEG_015","instruction_prompt","","l07_ord_015_normal.mp3","BATCH_B","QC_PASS","READY_FOR_IMPORT","lesson_07/voiceover/l07_ord_015_normal.mp3","","Listen carefully. Did you hear the word alone or the full line?","5","Instructional prompt. Keep the action verb crisp and allow a short answer pause at the end.","READY_FOR_IMPORT",""
"lesson_07_audio_first_known_content_recognition","Hear What You Already Know","L07_SEG_016","instruction_prompt","","l07_ord_016_normal.mp3","BATCH_B","QC_PASS","READY_FOR_IMPORT","lesson_07/voiceover/l07_ord_016_normal.mp3","","You just heard the line. Build it again.","5","Instructional prompt. Keep the action verb crisp and allow a short answer pause at the end.","READY_FOR_IMPORT",""
"lesson_07_audio_first_known_content_recognition","Hear What You Already Know","L07_SEG_017","instruction_prompt","","l07_ord_017_normal.mp3","BATCH_B","QC_PASS","READY_FOR_IMPORT","lesson_07/voiceover/l07_ord_017_normal.mp3","","Hear it, say it once, then type the same line.","5","Instructional prompt. Keep the action verb crisp and allow a short answer pause at the end.","READY_FOR_IMPORT",""
"lesson_07_audio_first_known_content_recognition","Hear What You Already Know","L07_AR_001","list","","l07_ar_001_normal.mp3","BATCH_B","QC_PASS","READY_FOR_IMPORT","lesson_07/voiceover/l07_ar_001_normal.mp3","كتاب باب قلم هذا كتاب هذا قلم","display=كتاب / باب / قلم / هذا كتاب / هذا قلم ; meaning=known Stage B pack ; notes=Spoken text follows audioQueryText; display text preserves on-screen form.","6","Arabic list, not a sentence. Give each item its own beat and keep the order clean. Preserve the source spoken-versus-display split exactly as written. Spoken text follows audioQueryText; display text preserves on-screen form.","READY_FOR_IMPORT",""
"lesson_07_audio_first_known_content_recognition","Hear What You Already Know","L07_AR_002","list","","l07_ar_002_normal.mp3","BATCH_B","QC_PASS","READY_FOR_IMPORT","lesson_07/voiceover/l07_ar_002_normal.mp3","قلم / هذا قلم","display=قلم / هذا قلم","5","Arabic list, not a sentence. Give each item its own beat and keep the order clean.","READY_FOR_IMPORT",""
"lesson_07_audio_first_known_content_recognition","Hear What You Already Know","L07_AR_003","word","","l07_ar_003_normal.mp3","BATCH_B","QC_PASS","READY_FOR_IMPORT","lesson_07/voiceover/l07_ar_003_normal.mp3","قلم","display=قلم ; meaning=pen","3","Single Arabic word. Neutral model, one clean pronunciation, no extra sentence melody.","READY_FOR_IMPORT",""
"lesson_07_audio_first_known_content_recognition","Hear What You Already Know","L07_AR_004","short_phrase","","l07_ar_004_normal.mp3","BATCH_B","QC_PASS","READY_FOR_IMPORT","lesson_07/voiceover/l07_ar_004_normal.mp3","هذا كتاب","display=هذا كتاب ; meaning=this is a book","3","Short Arabic phrase. Keep the word boundary clear and easy to repeat once.","READY_FOR_IMPORT",""
"lesson_07_audio_first_known_content_recognition","Hear What You Already Know","L07_AR_005","short_phrase","","l07_ar_005_normal.mp3","BATCH_B","QC_PASS","READY_FOR_IMPORT","lesson_07/voiceover/l07_ar_005_normal.mp3","هذا قلم","display=هذا قلم ; meaning=this is a pen","3","Short Arabic phrase. Keep the word boundary clear and easy to repeat once.","READY_FOR_IMPORT",""
"lesson_08_first_usable_arabic_pack","Your First Usable Arabic Pack","L08_SEG_001","opening","","l08_ord_001_normal.mp3","BATCH_B","QC_PASS","READY_FOR_IMPORT","lesson_08/voiceover/l08_ord_001_normal.mp3","","Your First Usable Arabic Pack","3","Short open. Calm lift on the first words, then a clean stop.","READY_FOR_IMPORT",""
"lesson_08_first_usable_arabic_pack","Your First Usable Arabic Pack","L08_SEG_002","opening","","l08_ord_002_normal.mp3","BATCH_B","QC_PASS","READY_FOR_IMPORT","lesson_08/voiceover/l08_ord_002_normal.mp3","كتاب باب قلم هذا كتاب هذا قلم","After this lesson, you can handle كتاب, باب, قلم, هذا كتاب, and هذا قلم as one small usable Arabic pack.","7","Steady overview line. Keep the English flowing and slow slightly around Arabic inserts.","READY_FOR_IMPORT",""
"lesson_08_first_usable_arabic_pack","Your First Usable Arabic Pack","L08_SEG_003","opening","","l08_ord_003_normal.mp3","BATCH_B","QC_PASS","READY_FOR_IMPORT","lesson_08/voiceover/l08_ord_003_normal.mp3","","Stabilize one tiny Arabic pack across reading, listening, recall, and short output.","6","Steady overview line. Keep it calm, clear, and lightly encouraging.","READY_FOR_IMPORT",""
"lesson_08_first_usable_arabic_pack","Your First Usable Arabic Pack","L08_SEG_004","section_header","","l08_ord_004_normal.mp3","BATCH_B","QC_PASS","READY_FOR_IMPORT","lesson_08/voiceover/l08_ord_004_normal.mp3","","Lesson Goal","3","Short open. Calm lift on the first words, then a clean stop.","READY_FOR_IMPORT",""
"lesson_08_first_usable_arabic_pack","Your First Usable Arabic Pack","L08_SEG_005","teaching_narration","","l08_ord_005_normal.mp3","BATCH_B","QC_PASS","READY_FOR_IMPORT","lesson_08/voiceover/l08_ord_005_normal.mp3","","Finish Stage B by using one small Arabic pack across more than one channel.","5","Teaching line. Warm, calm, and conversational with one clear sentence boundary.","READY_FOR_IMPORT",""
"lesson_08_first_usable_arabic_pack","Your First Usable Arabic Pack","L08_SEG_006","section_header","","l08_ord_006_normal.mp3","BATCH_B","QC_PASS","READY_FOR_IMPORT","lesson_08/voiceover/l08_ord_006_normal.mp3","","Your First Pack","3","Short open. Calm lift on the first words, then a clean stop.","READY_FOR_IMPORT",""
"lesson_08_first_usable_arabic_pack","Your First Usable Arabic Pack","L08_SEG_007","teaching_narration","","l08_ord_007_normal.mp3","BATCH_B","QC_PASS","READY_FOR_IMPORT","lesson_08/voiceover/l08_ord_007_normal.mp3","","These items now belong together as one small Arabic pack you can read, hear, recall, and say.","6","Teaching line. Warm, calm, and conversational with one clear sentence boundary.","READY_FOR_IMPORT",""
"lesson_08_first_usable_arabic_pack","Your First Usable Arabic Pack","L08_SEG_008","section_header","","l08_ord_008_normal.mp3","BATCH_B","QC_PASS","READY_FOR_IMPORT","lesson_08/voiceover/l08_ord_008_normal.mp3","","More Than Review","3","Short open. Calm lift on the first words, then a clean stop.","READY_FOR_IMPORT",""
"lesson_08_first_usable_arabic_pack","Your First Usable Arabic Pack","L08_SEG_009","teaching_narration","","l08_ord_009_normal.mp3","BATCH_B","QC_PASS","READY_FOR_IMPORT","lesson_08/voiceover/l08_ord_009_normal.mp3","","This is not a bland recap. The point is that your early Arabic now works across reading, listening, recall, and one short output step.","6","Teaching line. Warm, calm, and conversational with one clear sentence boundary.","READY_FOR_IMPORT",""
"lesson_08_first_usable_arabic_pack","Your First Usable Arabic Pack","L08_SEG_010","section_header","","l08_ord_010_normal.mp3","BATCH_B","QC_PASS","READY_FOR_IMPORT","lesson_08/voiceover/l08_ord_010_normal.mp3","","Word Or Line?","3","Short open. Calm lift on the first words, then a clean stop.","READY_FOR_IMPORT",""
"lesson_08_first_usable_arabic_pack","Your First Usable Arabic Pack","L08_SEG_011","teaching_narration","","l08_ord_011_normal.mp3","BATCH_B","QC_PASS","READY_FOR_IMPORT","lesson_08/voiceover/l08_ord_011_normal.mp3","","Keep noticing the difference between a word on its own and a tiny line that uses it.","6","Teaching line. Warm, calm, and conversational with one clear sentence boundary.","READY_FOR_IMPORT",""
"lesson_08_first_usable_arabic_pack","Your First Usable Arabic Pack","L08_SEG_012","instruction_prompt","","l08_ord_012_normal.mp3","BATCH_B","QC_PASS","READY_FOR_IMPORT","lesson_08/voiceover/l08_ord_012_normal.mp3","","Which Arabic word in your pack means pen?","5","Instructional prompt. Keep the action verb crisp and allow a short answer pause at the end.","READY_FOR_IMPORT",""
"lesson_08_first_usable_arabic_pack","Your First Usable Arabic Pack","L08_SEG_013","instruction_prompt","","l08_ord_013_normal.mp3","BATCH_B","QC_PASS","READY_FOR_IMPORT","lesson_08/voiceover/l08_ord_013_normal.mp3","هذا قلم","Listen first, then tap هذا قلم.","5","Instructional prompt. Keep the action verb crisp, leave one clean beat before the Arabic, and allow answer space at the end.","READY_FOR_IMPORT",""
"lesson_08_first_usable_arabic_pack","Your First Usable Arabic Pack","L08_SEG_014","instruction_prompt","","l08_ord_014_normal.mp3","BATCH_B","QC_PASS","READY_FOR_IMPORT","lesson_08/voiceover/l08_ord_014_normal.mp3","","Which item is the full line this is a pen?","5","Instructional prompt. Keep the action verb crisp and allow a short answer pause at the end.","READY_FOR_IMPORT",""
"lesson_08_first_usable_arabic_pack","Your First Usable Arabic Pack","L08_SEG_015","instruction_prompt","","l08_ord_015_normal.mp3","BATCH_B","QC_PASS","READY_FOR_IMPORT","lesson_08/voiceover/l08_ord_015_normal.mp3","","You mean pen. Recall the Arabic word from your pack.","5","Instructional prompt. Keep the action verb crisp and allow a short answer pause at the end.","READY_FOR_IMPORT",""
"lesson_08_first_usable_arabic_pack","Your First Usable Arabic Pack","L08_SEG_016","instruction_prompt","","l08_ord_016_normal.mp3","BATCH_B","QC_PASS","READY_FOR_IMPORT","lesson_08/voiceover/l08_ord_016_normal.mp3","","Build the line for this is a book.","5","Instructional prompt. Keep the action verb crisp and allow a short answer pause at the end.","READY_FOR_IMPORT",""
"lesson_08_first_usable_arabic_pack","Your First Usable Arabic Pack","L08_SEG_017","instruction_prompt","","l08_ord_017_normal.mp3","BATCH_B","QC_PASS","READY_FOR_IMPORT","lesson_08/voiceover/l08_ord_017_normal.mp3","","Finish Stage B by saying one full line, then type it.","5","Instructional prompt. Keep the action verb crisp and allow a short answer pause at the end.","READY_FOR_IMPORT",""
"lesson_08_first_usable_arabic_pack","Your First Usable Arabic Pack","L08_AR_001","list","","l08_ar_001_normal.mp3","BATCH_B","QC_PASS","READY_FOR_IMPORT","lesson_08/voiceover/l08_ar_001_normal.mp3","كتاب باب قلم هذا كتاب هذا قلم","display=كتاب
باب
قلم
هذا كتاب
هذا قلم ; meaning=book / door / pen / this is a book / this is a pen ; notes=Spoken text follows audioQueryText; display text preserves on-screen form.","6","Arabic list, not a sentence. Give each item its own beat and keep the order clean. Preserve the source spoken-versus-display split exactly as written. Spoken text follows audioQueryText; display text preserves on-screen form.","READY_FOR_IMPORT",""
"lesson_08_first_usable_arabic_pack","Your First Usable Arabic Pack","L08_AR_002","list","","l08_ar_002_normal.mp3","BATCH_B","QC_PASS","READY_FOR_IMPORT","lesson_08/voiceover/l08_ar_002_normal.mp3","قلم / هذا قلم","display=قلم / هذا قلم","5","Arabic list, not a sentence. Give each item its own beat and keep the order clean.","READY_FOR_IMPORT",""
"lesson_08_first_usable_arabic_pack","Your First Usable Arabic Pack","L08_AR_003","word","","l08_ar_003_normal.mp3","BATCH_B","QC_PASS","READY_FOR_IMPORT","lesson_08/voiceover/l08_ar_003_normal.mp3","قلم","display=قلم ; meaning=pen","3","Single Arabic word. Neutral model, one clean pronunciation, no extra sentence melody.","READY_FOR_IMPORT",""
"lesson_08_first_usable_arabic_pack","Your First Usable Arabic Pack","L08_AR_004","short_phrase","","l08_ar_004_normal.mp3","BATCH_B","QC_PASS","READY_FOR_IMPORT","lesson_08/voiceover/l08_ar_004_normal.mp3","هذا قلم","display=هذا قلم ; meaning=this is a pen","3","Short Arabic phrase. Keep the word boundary clear and easy to repeat once.","READY_FOR_IMPORT",""
