"batch_id","lesson_number","lesson_id","lesson_title","segment_id","segment_type","row_kind","planned_audio_filename","planned_audio_asset_path","target_duration_sec","repeatability","workflow_status","delivery_note","spoken_script","script_text_ar","script_text_support","recorder_notes","qc_notes"
"BATCH_A","01","V2-A1-01-PREVIEW","Arabic Starts Here","L01_SEG_001","opening","NARRATION_SEGMENT","l01_ord_001_normal.mp3","lesson_01/voiceover/l01_ord_001_normal.mp3","3","ONE_PASS","TO_RECORD","Short open. Calm lift on the first words, then a clean stop.","Arabic Starts Here","","Arabic Starts Here","",""
"BATCH_A","01","V2-A1-01-PREVIEW","Arabic Starts Here","L01_SEG_002","opening","NARRATION_SEGMENT","l01_ord_002_normal.mp3","lesson_01/voiceover/l01_ord_002_normal.mp3","7","ONE_PASS","TO_RECORD","Steady overview line. Keep the English flowing and slow slightly around Arabic inserts.","You can find where Arabic starts on كتاب and keep one real meaning anchor attached: book.","كتاب","You can find where Arabic starts on كتاب and keep one real meaning anchor attached: book.","",""
"BATCH_A","01","V2-A1-01-PREVIEW","Arabic Starts Here","L01_SEG_003","opening","NARRATION_SEGMENT","l01_ord_003_normal.mp3","lesson_01/voiceover/l01_ord_003_normal.mp3","7","ONE_PASS","TO_RECORD","Steady overview line. Keep it calm, clear, and lightly encouraging.","Enter Arabic through one supported real word by following it from right to left and linking it to one meaning anchor.","","Enter Arabic through one supported real word by following it from right to left and linking it to one meaning anchor.","",""
"BATCH_A","01","V2-A1-01-PREVIEW","Arabic Starts Here","L01_SEG_004","section_header","NARRATION_SEGMENT","l01_ord_004_normal.mp3","lesson_01/voiceover/l01_ord_004_normal.mp3","3","ONE_PASS","TO_RECORD","Short open. Calm lift on the first words, then a clean stop.","Lesson Goal","","Lesson Goal","",""
"BATCH_A","01","V2-A1-01-PREVIEW","Arabic Starts Here","L01_SEG_005","teaching_narration","NARRATION_SEGMENT","l01_ord_005_normal.mp3","lesson_01/voiceover/l01_ord_005_normal.mp3","6","ONE_PASS","TO_RECORD","Teaching line. Warm, calm, and conversational with one clear sentence boundary.","Enter Arabic through one real word. You only need to notice where Arabic starts and keep one meaning anchor attached.","","Enter Arabic through one real word. You only need to notice where Arabic starts and keep one meaning anchor attached.","",""
"BATCH_A","01","V2-A1-01-PREVIEW","Arabic Starts Here","L01_SEG_006","section_header","NARRATION_SEGMENT","l01_ord_006_normal.mp3","lesson_01/voiceover/l01_ord_006_normal.mp3","3","ONE_PASS","TO_RECORD","Short open. Calm lift on the first words, then a clean stop.","First Arabic Anchor","","First Arabic Anchor","",""
"BATCH_A","01","V2-A1-01-PREVIEW","Arabic Starts Here","L01_SEG_007","teaching_narration","NARRATION_SEGMENT","l01_ord_007_normal.mp3","lesson_01/voiceover/l01_ord_007_normal.mp3","7","ONE_PASS","TO_RECORD","Teaching line. Warm, calm, and conversational with one clear sentence boundary.","Use one real Arabic word to enter the script. You do not need every letter yet. Just follow the whole word from the right and connect it to book.","","Use one real Arabic word to enter the script. You do not need every letter yet. Just follow the whole word from the right and connect it to book.","",""
"BATCH_A","01","V2-A1-01-PREVIEW","Arabic Starts Here","L01_SEG_008","section_header","NARRATION_SEGMENT","l01_ord_008_normal.mp3","lesson_01/voiceover/l01_ord_008_normal.mp3","3","ONE_PASS","TO_RECORD","Short open. Calm lift on the first words, then a clean stop.","Beginner Support Is Allowed","","Beginner Support Is Allowed","",""
"BATCH_A","01","V2-A1-01-PREVIEW","Arabic Starts Here","L01_SEG_009","teaching_narration","NARRATION_SEGMENT","l01_ord_009_normal.mp3","lesson_01/voiceover/l01_ord_009_normal.mp3","7","ONE_PASS","TO_RECORD","Teaching line. Warm, calm, and conversational with one clear sentence boundary.","You do not need to decode every letter yet. The whole word, audio, and meaning cue are all allowed supports for your first Arabic step.","","You do not need to decode every letter yet. The whole word, audio, and meaning cue are all allowed supports for your first Arabic step.","",""
"BATCH_A","01","V2-A1-01-PREVIEW","Arabic Starts Here","L01_SEG_010","section_header","NARRATION_SEGMENT","l01_ord_010_normal.mp3","lesson_01/voiceover/l01_ord_010_normal.mp3","3","ONE_PASS","TO_RECORD","Short open. Calm lift on the first words, then a clean stop.","Watch The Entry Move","","Watch The Entry Move","",""
"BATCH_A","01","V2-A1-01-PREVIEW","Arabic Starts Here","L01_SEG_011","teaching_narration","NARRATION_SEGMENT","l01_ord_011_normal.mp3","lesson_01/voiceover/l01_ord_011_normal.mp3","6","ONE_PASS","TO_RECORD","Teaching line. Warm, calm, and conversational with one clear sentence boundary.","For this first step, keep two things together: start on the right, and let the whole word already mean book.","","For this first step, keep two things together: start on the right, and let the whole word already mean book.","",""
"BATCH_A","01","V2-A1-01-PREVIEW","Arabic Starts Here","L01_SEG_012","instruction_prompt","NARRATION_SEGMENT","l01_ord_012_normal.mp3","lesson_01/voiceover/l01_ord_012_normal.mp3","5","REPEATABLE","TO_RECORD","Instructional prompt. Keep the action verb crisp, leave one clean beat before the Arabic, and allow answer space at the end.","Hear the word, then tap كتاب.","كتاب","Hear the word, then tap كتاب.","",""
"BATCH_A","01","V2-A1-01-PREVIEW","Arabic Starts Here","L01_SEG_013","instruction_prompt","NARRATION_SEGMENT","l01_ord_013_normal.mp3","lesson_01/voiceover/l01_ord_013_normal.mp3","5","REPEATABLE","TO_RECORD","Instructional prompt. Keep the action verb crisp, leave one clean beat before the Arabic, and allow answer space at the end.","On كتاب, where does reading begin?","كتاب","On كتاب, where does reading begin?","",""
"BATCH_A","01","V2-A1-01-PREVIEW","Arabic Starts Here","L01_SEG_014","instruction_prompt","NARRATION_SEGMENT","l01_ord_014_normal.mp3","lesson_01/voiceover/l01_ord_014_normal.mp3","5","REPEATABLE","TO_RECORD","Instructional prompt. Keep the action verb crisp, leave one clean beat before the Arabic, and allow answer space at the end.","In this chapter entry, كتاب means...","كتاب","In this chapter entry, كتاب means...","",""
"BATCH_A","01","V2-A1-01-PREVIEW","Arabic Starts Here","L01_SEG_015","instruction_prompt","NARRATION_SEGMENT","l01_ord_015_normal.mp3","lesson_01/voiceover/l01_ord_015_normal.mp3","6","REPEATABLE","TO_RECORD","Instructional prompt. Keep the action verb crisp, leave one clean beat before the Arabic, and allow answer space at the end.","Without the guide, type the side where reading begins on كتاب.","كتاب","Without the guide, type the side where reading begins on كتاب.","",""
"BATCH_A","01","V2-A1-01-PREVIEW","Arabic Starts Here","L01_SEG_016","instruction_prompt","NARRATION_SEGMENT","l01_ord_016_normal.mp3","lesson_01/voiceover/l01_ord_016_normal.mp3","6","REPEATABLE","TO_RECORD","Instructional prompt. Keep the action verb crisp, leave one clean beat before the Arabic, and allow answer space at the end.","The English hint is gone. Type the meaning anchor for كتاب.","كتاب","The English hint is gone. Type the meaning anchor for كتاب.","",""
"BATCH_A","01","V2-A1-01-PREVIEW","Arabic Starts Here","L01_SEG_017","instruction_prompt","NARRATION_SEGMENT","l01_ord_017_normal.mp3","lesson_01/voiceover/l01_ord_017_normal.mp3","5","REPEATABLE","TO_RECORD","Instructional prompt. Keep the action verb crisp and allow a short answer pause at the end.","Build the pair you will carry into the next lesson.","","Build the pair you will carry into the next lesson.","",""
"BATCH_A","01","V2-A1-01-PREVIEW","Arabic Starts Here","L01_AR_001","word","ARABIC_ASSET","l01_ar_001_normal.mp3","lesson_01/voiceover/l01_ar_001_normal.mp3","3","REPEATABLE","TO_RECORD","Single Arabic word. Neutral model, one clean pronunciation, no extra sentence melody.","كتاب","كتاب","display=كتاب ; transliteration=kitab ; meaning=book","",""
"BATCH_A","02","V2-A1-02-PREVIEW","First Real Word Success","L02_SEG_001","opening","NARRATION_SEGMENT","l02_ord_001_normal.mp3","lesson_02/voiceover/l02_ord_001_normal.mp3","3","ONE_PASS","TO_RECORD","Short open. Calm lift on the first words, then a clean stop.","First Real Word Success","","First Real Word Success","",""
"BATCH_A","02","V2-A1-02-PREVIEW","First Real Word Success","L02_SEG_002","opening","NARRATION_SEGMENT","l02_ord_002_normal.mp3","lesson_02/voiceover/l02_ord_002_normal.mp3","7","ONE_PASS","TO_RECORD","Steady overview line. Keep the English flowing and slow slightly around Arabic inserts.","You can recognize and recall كتاب as the Arabic word for book. This is your first owned Arabic word.","كتاب","You can recognize and recall كتاب as the Arabic word for book. This is your first owned Arabic word.","",""
"BATCH_A","02","V2-A1-02-PREVIEW","First Real Word Success","L02_SEG_003","opening","NARRATION_SEGMENT","l02_ord_003_normal.mp3","lesson_02/voiceover/l02_ord_003_normal.mp3","6","REPEATABLE","TO_RECORD","Steady overview line. Keep the English flowing and slow slightly around Arabic inserts.","Recognize and recall كتاب as the Arabic word for book.","كتاب","Recognize and recall كتاب as the Arabic word for book.","",""
"BATCH_A","02","V2-A1-02-PREVIEW","First Real Word Success","L02_SEG_004","section_header","NARRATION_SEGMENT","l02_ord_004_normal.mp3","lesson_02/voiceover/l02_ord_004_normal.mp3","3","ONE_PASS","TO_RECORD","Short open. Calm lift on the first words, then a clean stop.","Lesson Goal","","Lesson Goal","",""
"BATCH_A","02","V2-A1-02-PREVIEW","First Real Word Success","L02_SEG_005","teaching_narration","NARRATION_SEGMENT","l02_ord_005_normal.mp3","lesson_02/voiceover/l02_ord_005_normal.mp3","6","ONE_PASS","TO_RECORD","Teaching line. Warm, calm, and conversational with one clear sentence boundary.","Learn one real Arabic word well enough to hear it, spot it, and bring it back from memory.","","Learn one real Arabic word well enough to hear it, spot it, and bring it back from memory.","",""
"BATCH_A","02","V2-A1-02-PREVIEW","First Real Word Success","L02_SEG_006","section_header","NARRATION_SEGMENT","l02_ord_006_normal.mp3","lesson_02/voiceover/l02_ord_006_normal.mp3","3","ONE_PASS","TO_RECORD","Short open. Calm lift on the first words, then a clean stop.","Whole Word First","","Whole Word First","",""
"BATCH_A","02","V2-A1-02-PREVIEW","First Real Word Success","L02_SEG_007","teaching_narration","NARRATION_SEGMENT","l02_ord_007_normal.mp3","lesson_02/voiceover/l02_ord_007_normal.mp3","6","ONE_PASS","TO_RECORD","Teaching line. Warm and clear. Slow slightly around the Arabic and return to the base pace after it.","Meet كتاب as one meaningful Arabic word. Let the whole shape, sound, and meaning stay together.","كتاب","Meet كتاب as one meaningful Arabic word. Let the whole shape, sound, and meaning stay together.","",""
"BATCH_A","02","V2-A1-02-PREVIEW","First Real Word Success","L02_SEG_008","section_header","NARRATION_SEGMENT","l02_ord_008_normal.mp3","lesson_02/voiceover/l02_ord_008_normal.mp3","3","ONE_PASS","TO_RECORD","Short open. Calm lift on the first words, then a clean stop.","Whole Word Support","","Whole Word Support","",""
"BATCH_A","02","V2-A1-02-PREVIEW","First Real Word Success","L02_SEG_009","teaching_narration","NARRATION_SEGMENT","l02_ord_009_normal.mp3","lesson_02/voiceover/l02_ord_009_normal.mp3","6","ONE_PASS","TO_RECORD","Teaching line. Warm, calm, and conversational with one clear sentence boundary.","You do not need to study every letter in isolation first. For this lesson, the whole word is the learning unit.","","You do not need to study every letter in isolation first. For this lesson, the whole word is the learning unit.","",""
"BATCH_A","02","V2-A1-02-PREVIEW","First Real Word Success","L02_SEG_010","section_header","NARRATION_SEGMENT","l02_ord_010_normal.mp3","lesson_02/voiceover/l02_ord_010_normal.mp3","3","ONE_PASS","TO_RECORD","Short open. Calm lift on the first words, then a clean stop.","See The Whole Shape","","See The Whole Shape","",""
"BATCH_A","02","V2-A1-02-PREVIEW","First Real Word Success","L02_SEG_011","teaching_narration","NARRATION_SEGMENT","l02_ord_011_normal.mp3","lesson_02/voiceover/l02_ord_011_normal.mp3","6","ONE_PASS","TO_RECORD","Teaching line. Warm and clear. Slow slightly around the Arabic and return to the base pace after it.","Use contrast at the whole-word level. You are learning كتاب as book, not memorizing isolated letters.","كتاب","Use contrast at the whole-word level. You are learning كتاب as book, not memorizing isolated letters.","",""
"BATCH_A","02","V2-A1-02-PREVIEW","First Real Word Success","L02_SEG_012","instruction_prompt","NARRATION_SEGMENT","l02_ord_012_normal.mp3","lesson_02/voiceover/l02_ord_012_normal.mp3","5","REPEATABLE","TO_RECORD","Instructional prompt. Keep the action verb crisp, leave one clean beat before the Arabic, and allow answer space at the end.","Hear the word, then tap كتاب.","كتاب","Hear the word, then tap كتاب.","",""
"BATCH_A","02","V2-A1-02-PREVIEW","First Real Word Success","L02_SEG_013","instruction_prompt","NARRATION_SEGMENT","l02_ord_013_normal.mp3","lesson_02/voiceover/l02_ord_013_normal.mp3","5","REPEATABLE","TO_RECORD","Instructional prompt. Keep the action verb crisp, leave one clean beat before the Arabic, and allow answer space at the end.","What does كتاب mean?","كتاب","What does كتاب mean?","",""
"BATCH_A","02","V2-A1-02-PREVIEW","First Real Word Success","L02_SEG_014","instruction_prompt","NARRATION_SEGMENT","l02_ord_014_normal.mp3","lesson_02/voiceover/l02_ord_014_normal.mp3","5","REPEATABLE","TO_RECORD","Instructional prompt. Keep the action verb crisp, leave one clean beat before the Arabic, and allow answer space at the end.","Which whole-word shape is كتاب?","كتاب","Which whole-word shape is كتاب?","",""
"BATCH_A","02","V2-A1-02-PREVIEW","First Real Word Success","L02_SEG_015","instruction_prompt","NARRATION_SEGMENT","l02_ord_015_normal.mp3","lesson_02/voiceover/l02_ord_015_normal.mp3","6","REPEATABLE","TO_RECORD","Instructional prompt. Keep the action verb crisp and allow a short answer pause at the end.","The English prompt is all you get now. Type the Arabic word for book.","","The English prompt is all you get now. Type the Arabic word for book.","",""
"BATCH_A","02","V2-A1-02-PREVIEW","First Real Word Success","L02_SEG_016","instruction_prompt","NARRATION_SEGMENT","l02_ord_016_normal.mp3","lesson_02/voiceover/l02_ord_016_normal.mp3","5","REPEATABLE","TO_RECORD","Instructional prompt. Keep the action verb crisp, leave one clean beat before the Arabic, and allow answer space at the end.","Look at كتاب. Type its meaning.","كتاب","Look at كتاب. Type its meaning.","",""
"BATCH_A","02","V2-A1-02-PREVIEW","First Real Word Success","L02_SEG_017","instruction_prompt","NARRATION_SEGMENT","l02_ord_017_normal.mp3","lesson_02/voiceover/l02_ord_017_normal.mp3","5","REPEATABLE","TO_RECORD","Instructional prompt. Keep the action verb crisp, leave one clean beat before the Arabic, and allow answer space at the end.","See كتاب, then say kitab once.","كتاب","See كتاب, then say kitab once.","",""
"BATCH_A","02","V2-A1-02-PREVIEW","First Real Word Success","L02_AR_001","word","ARABIC_ASSET","l02_ar_001_normal.mp3","lesson_02/voiceover/l02_ar_001_normal.mp3","3","REPEATABLE","TO_RECORD","Single Arabic word. Neutral model, one clean pronunciation, no extra sentence melody.","كتاب","كتاب","display=كتاب ; transliteration=kitab ; meaning=book","",""
"BATCH_A","02","V2-A1-02-PREVIEW","First Real Word Success","L02_AR_002","list","ARABIC_ASSET","l02_ar_002_normal.mp3","lesson_02/voiceover/l02_ar_002_normal.mp3","5","REPEATABLE","TO_RECORD","Arabic list, not a sentence. Give each item its own beat and keep the order clean.","كتاب / باب / قلم","كتاب / باب / قلم","display=كتاب / باب / قلم","",""
"BATCH_B","05","lesson_05_qalam_first_real_word_extension","One More Real Word: قلم","L05_SEG_001","opening","NARRATION_SEGMENT","l05_ord_001_normal.mp3","lesson_05/voiceover/l05_ord_001_normal.mp3","4","REPEATABLE","TO_RECORD","Short open. Calm lift on the first words, then a clean stop.","One More Real Word: قلم","قلم","One More Real Word: قلم","",""
"BATCH_B","05","lesson_05_qalam_first_real_word_extension","One More Real Word: قلم","L05_SEG_002","opening","NARRATION_SEGMENT","l05_ord_002_normal.mp3","lesson_05/voiceover/l05_ord_002_normal.mp3","7","ONE_PASS","TO_RECORD","Steady overview line. Keep the English flowing and slow slightly around Arabic inserts.","After this lesson, you can recognize, hear, recall, and say قلم for pen.","قلم","After this lesson, you can recognize, hear, recall, and say قلم for pen.","",""
"BATCH_B","05","lesson_05_qalam_first_real_word_extension","One More Real Word: قلم","L05_SEG_003","opening","NARRATION_SEGMENT","l05_ord_003_normal.mp3","lesson_05/voiceover/l05_ord_003_normal.mp3","6","REPEATABLE","TO_RECORD","Steady overview line. Keep the English flowing and slow slightly around Arabic inserts.","Recognize and recall قلم as the Arabic word for pen.","قلم","Recognize and recall قلم as the Arabic word for pen.","",""
"BATCH_B","05","lesson_05_qalam_first_real_word_extension","One More Real Word: قلم","L05_SEG_004","section_header","NARRATION_SEGMENT","l05_ord_004_normal.mp3","lesson_05/voiceover/l05_ord_004_normal.mp3","3","ONE_PASS","TO_RECORD","Short open. Calm lift on the first words, then a clean stop.","Lesson Goal","","Lesson Goal","",""
"BATCH_B","05","lesson_05_qalam_first_real_word_extension","One More Real Word: قلم","L05_SEG_005","teaching_narration","NARRATION_SEGMENT","l05_ord_005_normal.mp3","lesson_05/voiceover/l05_ord_005_normal.mp3","5","REPEATABLE","TO_RECORD","Teaching line. Warm and clear. Slow slightly around the Arabic and return to the base pace after it.","Add one more real Arabic word to your pack: قلم = pen.","قلم","Add one more real Arabic word to your pack: قلم = pen.","",""
"BATCH_B","05","lesson_05_qalam_first_real_word_extension","One More Real Word: قلم","L05_SEG_006","section_header","NARRATION_SEGMENT","l05_ord_006_normal.mp3","lesson_05/voiceover/l05_ord_006_normal.mp3","3","ONE_PASS","TO_RECORD","Short open. Calm lift on the first words, then a clean stop.","One More Real Word","","One More Real Word","",""
"BATCH_B","05","lesson_05_qalam_first_real_word_extension","One More Real Word: قلم","L05_SEG_007","teaching_narration","NARRATION_SEGMENT","l05_ord_007_normal.mp3","lesson_05/voiceover/l05_ord_007_normal.mp3","6","ONE_PASS","TO_RECORD","Teaching line. Warm and clear. Slow slightly around the Arabic and return to the base pace after it.","Meet قلم as one more useful Arabic word. Keep the whole shape, sound, and meaning together.","قلم","Meet قلم as one more useful Arabic word. Keep the whole shape, sound, and meaning together.","",""
"BATCH_B","05","lesson_05_qalam_first_real_word_extension","One More Real Word: قلم","L05_SEG_008","section_header","NARRATION_SEGMENT","l05_ord_008_normal.mp3","lesson_05/voiceover/l05_ord_008_normal.mp3","3","ONE_PASS","TO_RECORD","Short open. Calm lift on the first words, then a clean stop.","Your Pack Is Growing","","Your Pack Is Growing","",""
"BATCH_B","05","lesson_05_qalam_first_real_word_extension","One More Real Word: قلم","L05_SEG_009","teaching_narration","NARRATION_SEGMENT","l05_ord_009_normal.mp3","lesson_05/voiceover/l05_ord_009_normal.mp3","7","ONE_PASS","TO_RECORD","Teaching line. Warm and clear. Slow slightly around the Arabic and return to the base pace after it.","كتاب and باب stay nearby as safe anchors, but this lesson is really about owning قلم as your next real word.","كتاب باب قلم","كتاب and باب stay nearby as safe anchors, but this lesson is really about owning قلم as your next real word.","",""
"BATCH_B","05","lesson_05_qalam_first_real_word_extension","One More Real Word: قلم","L05_SEG_010","section_header","NARRATION_SEGMENT","l05_ord_010_normal.mp3","lesson_05/voiceover/l05_ord_010_normal.mp3","3","ONE_PASS","TO_RECORD","Short open. Calm lift on the first words, then a clean stop.","See It In The Pack","","See It In The Pack","",""
"BATCH_B","05","lesson_05_qalam_first_real_word_extension","One More Real Word: قلم","L05_SEG_011","teaching_narration","NARRATION_SEGMENT","l05_ord_011_normal.mp3","lesson_05/voiceover/l05_ord_011_normal.mp3","7","ONE_PASS","TO_RECORD","Teaching line. Warm and clear. Slow slightly around the Arabic and return to the base pace after it.","Use whole-word contrast only. قلم should feel like another real item in the pack, not a return to isolated script study.","قلم","Use whole-word contrast only. قلم should feel like another real item in the pack, not a return to isolated script study.","",""
"BATCH_B","05","lesson_05_qalam_first_real_word_extension","One More Real Word: قلم","L05_SEG_012","instruction_prompt","NARRATION_SEGMENT","l05_ord_012_normal.mp3","lesson_05/voiceover/l05_ord_012_normal.mp3","5","REPEATABLE","TO_RECORD","Instructional prompt. Keep the action verb crisp, leave one clean beat before the Arabic, and allow answer space at the end.","In this lesson, قلم means...","قلم","In this lesson, قلم means...","",""
"BATCH_B","05","lesson_05_qalam_first_real_word_extension","One More Real Word: قلم","L05_SEG_013","instruction_prompt","NARRATION_SEGMENT","l05_ord_013_normal.mp3","lesson_05/voiceover/l05_ord_013_normal.mp3","5","REPEATABLE","TO_RECORD","Instructional prompt. Keep the action verb crisp and allow a short answer pause at the end.","Which Arabic word means pen?","","Which Arabic word means pen?","",""
"BATCH_B","05","lesson_05_qalam_first_real_word_extension","One More Real Word: قلم","L05_SEG_014","instruction_prompt","NARRATION_SEGMENT","l05_ord_014_normal.mp3","lesson_05/voiceover/l05_ord_014_normal.mp3","5","REPEATABLE","TO_RECORD","Instructional prompt. Keep the action verb crisp, leave one clean beat before the Arabic, and allow answer space at the end.","Listen, then tap قلم.","قلم","Listen, then tap قلم.","",""
"BATCH_B","05","lesson_05_qalam_first_real_word_extension","One More Real Word: قلم","L05_SEG_015","instruction_prompt","NARRATION_SEGMENT","l05_ord_015_normal.mp3","lesson_05/voiceover/l05_ord_015_normal.mp3","5","REPEATABLE","TO_RECORD","Instructional prompt. Keep the action verb crisp and allow a short answer pause at the end.","You mean pen. Recall the Arabic word from memory.","","You mean pen. Recall the Arabic word from memory.","",""
"BATCH_B","05","lesson_05_qalam_first_real_word_extension","One More Real Word: قلم","L05_SEG_016","instruction_prompt","NARRATION_SEGMENT","l05_ord_016_normal.mp3","lesson_05/voiceover/l05_ord_016_normal.mp3","6","REPEATABLE","TO_RECORD","Instructional prompt. Keep the action verb crisp, leave one clean beat before the Arabic, and allow answer space at the end.","See pen, say قلم once, then type it to lock it in.","قلم","See pen, say قلم once, then type it to lock it in.","",""
"BATCH_B","05","lesson_05_qalam_first_real_word_extension","One More Real Word: قلم","L05_AR_001","word","ARABIC_ASSET","l05_ar_001_normal.mp3","lesson_05/voiceover/l05_ar_001_normal.mp3","3","REPEATABLE","TO_RECORD","Single Arabic word. Neutral model, one clean pronunciation, no extra sentence melody.","قلم","قلم","display=قلم ; transliteration=qalam ; meaning=pen","",""
"BATCH_B","05","lesson_05_qalam_first_real_word_extension","One More Real Word: قلم","L05_AR_002","list","ARABIC_ASSET","l05_ar_002_normal.mp3","lesson_05/voiceover/l05_ar_002_normal.mp3","5","REPEATABLE","TO_RECORD","Arabic list, not a sentence. Give each item its own beat and keep the order clean.","كتاب / باب / قلم","كتاب / باب / قلم","display=كتاب / باب / قلم","",""
"BATCH_B","06","lesson_06_hadha_first_fixed_expression","This Is... Your First Fixed Expression","L06_SEG_001","opening","NARRATION_SEGMENT","l06_ord_001_normal.mp3","lesson_06/voiceover/l06_ord_001_normal.mp3","3","ONE_PASS","TO_RECORD","Short open. Calm lift on the first words, then a clean stop.","This Is... Your First Fixed Expression","","This Is... Your First Fixed Expression","",""
"BATCH_B","06","lesson_06_hadha_first_fixed_expression","This Is... Your First Fixed Expression","L06_SEG_002","opening","NARRATION_SEGMENT","l06_ord_002_normal.mp3","lesson_06/voiceover/l06_ord_002_normal.mp3","7","ONE_PASS","TO_RECORD","Steady overview line. Keep the English flowing and slow slightly around Arabic inserts.","After this lesson, you can understand, build, and say هذا كتاب and هذا قلم.","هذا كتاب هذا قلم","After this lesson, you can understand, build, and say هذا كتاب and هذا قلم.","",""
"BATCH_B","06","lesson_06_hadha_first_fixed_expression","This Is... Your First Fixed Expression","L06_SEG_003","opening","NARRATION_SEGMENT","l06_ord_003_normal.mp3","lesson_06/voiceover/l06_ord_003_normal.mp3","6","REPEATABLE","TO_RECORD","Steady overview line. Keep the English flowing and slow slightly around Arabic inserts.","Understand, build, and recall one fixed هذا + noun expression frame.","هذا","Understand, build, and recall one fixed هذا + noun expression frame.","",""
"BATCH_B","06","lesson_06_hadha_first_fixed_expression","This Is... Your First Fixed Expression","L06_SEG_004","section_header","NARRATION_SEGMENT","l06_ord_004_normal.mp3","lesson_06/voiceover/l06_ord_004_normal.mp3","3","ONE_PASS","TO_RECORD","Short open. Calm lift on the first words, then a clean stop.","Lesson Goal","","Lesson Goal","",""
"BATCH_B","06","lesson_06_hadha_first_fixed_expression","This Is... Your First Fixed Expression","L06_SEG_005","teaching_narration","NARRATION_SEGMENT","l06_ord_005_normal.mp3","lesson_06/voiceover/l06_ord_005_normal.mp3","5","REPEATABLE","TO_RECORD","Teaching line. Warm and clear. Slow slightly around the Arabic and return to the base pace after it.","Turn known words into your first tiny Arabic line: هذا + noun.","هذا","Turn known words into your first tiny Arabic line: هذا + noun.","",""
"BATCH_B","06","lesson_06_hadha_first_fixed_expression","This Is... Your First Fixed Expression","L06_SEG_006","section_header","NARRATION_SEGMENT","l06_ord_006_normal.mp3","lesson_06/voiceover/l06_ord_006_normal.mp3","3","ONE_PASS","TO_RECORD","Short open. Calm lift on the first words, then a clean stop.","First Short Line","","First Short Line","",""
"BATCH_B","06","lesson_06_hadha_first_fixed_expression","This Is... Your First Fixed Expression","L06_SEG_007","teaching_narration","NARRATION_SEGMENT","l06_ord_007_normal.mp3","lesson_06/voiceover/l06_ord_007_normal.mp3","6","ONE_PASS","TO_RECORD","Teaching line. Warm and clear. Slow slightly around the Arabic and return to the base pace after it.","Start with one useful whole line. هذا كتاب should feel like one tiny readable chunk, not a grammar lecture.","هذا كتاب","Start with one useful whole line. هذا كتاب should feel like one tiny readable chunk, not a grammar lecture.","",""
"BATCH_B","06","lesson_06_hadha_first_fixed_expression","This Is... Your First Fixed Expression","L06_SEG_008","section_header","NARRATION_SEGMENT","l06_ord_008_normal.mp3","lesson_06/voiceover/l06_ord_008_normal.mp3","3","ONE_PASS","TO_RECORD","Short open. Calm lift on the first words, then a clean stop.","Reuse The New Word","","Reuse The New Word","",""
"BATCH_B","06","lesson_06_hadha_first_fixed_expression","This Is... Your First Fixed Expression","L06_SEG_009","teaching_narration","NARRATION_SEGMENT","l06_ord_009_normal.mp3","lesson_06/voiceover/l06_ord_009_normal.mp3","5","REPEATABLE","TO_RECORD","Teaching line. Warm and clear. Slow slightly around the Arabic and return to the base pace after it.","Now reuse the same frame with your new word: هذا قلم.","هذا قلم","Now reuse the same frame with your new word: هذا قلم.","",""
"BATCH_B","06","lesson_06_hadha_first_fixed_expression","This Is... Your First Fixed Expression","L06_SEG_010","section_header","NARRATION_SEGMENT","l06_ord_010_normal.mp3","lesson_06/voiceover/l06_ord_010_normal.mp3","3","ONE_PASS","TO_RECORD","Short open. Calm lift on the first words, then a clean stop.","One Stable Opening","","One Stable Opening","",""
"BATCH_B","06","lesson_06_hadha_first_fixed_expression","This Is... Your First Fixed Expression","L06_SEG_011","teaching_narration","NARRATION_SEGMENT","l06_ord_011_normal.mp3","lesson_06/voiceover/l06_ord_011_normal.mp3","5","ONE_PASS","TO_RECORD","Teaching line. Warm, calm, and conversational with one clear sentence boundary.","Keep the opening stable and let the noun change. That is the beginner win here.","","Keep the opening stable and let the noun change. That is the beginner win here.","",""
"BATCH_B","06","lesson_06_hadha_first_fixed_expression","This Is... Your First Fixed Expression","L06_SEG_012","instruction_prompt","NARRATION_SEGMENT","l06_ord_012_normal.mp3","lesson_06/voiceover/l06_ord_012_normal.mp3","5","REPEATABLE","TO_RECORD","Instructional prompt. Keep the action verb crisp, leave one clean beat before the Arabic, and allow answer space at the end.","What does هذا كتاب mean?","هذا كتاب","What does هذا كتاب mean?","",""
"BATCH_B","06","lesson_06_hadha_first_fixed_expression","This Is... Your First Fixed Expression","L06_SEG_013","instruction_prompt","NARRATION_SEGMENT","l06_ord_013_normal.mp3","lesson_06/voiceover/l06_ord_013_normal.mp3","5","REPEATABLE","TO_RECORD","Instructional prompt. Keep the action verb crisp and allow a short answer pause at the end.","Which line means this is a pen?","","Which line means this is a pen?","",""
"BATCH_B","06","lesson_06_hadha_first_fixed_expression","This Is... Your First Fixed Expression","L06_SEG_014","instruction_prompt","NARRATION_SEGMENT","l06_ord_014_normal.mp3","lesson_06/voiceover/l06_ord_014_normal.mp3","5","REPEATABLE","TO_RECORD","Instructional prompt. Keep the action verb crisp, leave one clean beat before the Arabic, and allow answer space at the end.","Listen first, then tap هذا كتاب.","هذا كتاب","Listen first, then tap هذا كتاب.","",""
"BATCH_B","06","lesson_06_hadha_first_fixed_expression","This Is... Your First Fixed Expression","L06_SEG_015","instruction_prompt","NARRATION_SEGMENT","l06_ord_015_normal.mp3","lesson_06/voiceover/l06_ord_015_normal.mp3","5","REPEATABLE","TO_RECORD","Instructional prompt. Keep the action verb crisp and allow a short answer pause at the end.","Build the full line for this is a pen.","","Build the full line for this is a pen.","",""
"BATCH_B","06","lesson_06_hadha_first_fixed_expression","This Is... Your First Fixed Expression","L06_SEG_016","instruction_prompt","NARRATION_SEGMENT","l06_ord_016_normal.mp3","lesson_06/voiceover/l06_ord_016_normal.mp3","5","REPEATABLE","TO_RECORD","Instructional prompt. Keep the action verb crisp and allow a short answer pause at the end.","Now recall the full line for this is a book.","","Now recall the full line for this is a book.","",""
"BATCH_B","06","lesson_06_hadha_first_fixed_expression","This Is... Your First Fixed Expression","L06_SEG_017","instruction_prompt","NARRATION_SEGMENT","l06_ord_017_normal.mp3","lesson_06/voiceover/l06_ord_017_normal.mp3","5","REPEATABLE","TO_RECORD","Instructional prompt. Keep the action verb crisp and allow a short answer pause at the end.","See the line, say it once, then type it to finish strong.","","See the line, say it once, then type it to finish strong.","",""
"BATCH_B","06","lesson_06_hadha_first_fixed_expression","This Is... Your First Fixed Expression","L06_AR_001","short_phrase","ARABIC_ASSET","l06_ar_001_normal.mp3","lesson_06/voiceover/l06_ar_001_normal.mp3","3","REPEATABLE","TO_RECORD","Short Arabic phrase. Keep the word boundary clear and easy to repeat once.","هذا كتاب","هذا كتاب","display=هذا كتاب ; transliteration=hadha kitab ; meaning=this is a book","",""
"BATCH_B","06","lesson_06_hadha_first_fixed_expression","This Is... Your First Fixed Expression","L06_AR_002","short_phrase","ARABIC_ASSET","l06_ar_002_normal.mp3","lesson_06/voiceover/l06_ar_002_normal.mp3","3","REPEATABLE","TO_RECORD","Short Arabic phrase. Keep the word boundary clear and easy to repeat once.","هذا قلم","هذا قلم","display=هذا قلم ; transliteration=hadha qalam ; meaning=this is a pen","",""
"BATCH_B","06","lesson_06_hadha_first_fixed_expression","This Is... Your First Fixed Expression","L06_AR_003","list","ARABIC_ASSET","l06_ar_003_normal.mp3","lesson_06/voiceover/l06_ar_003_normal.mp3","6","REPEATABLE","TO_RECORD","Arabic list, not a sentence. Give each item its own beat and keep the order clean.","هذا كتاب / هذا قلم / هذا باب","هذا كتاب / هذا قلم / هذا باب","display=هذا كتاب / هذا قلم / هذا باب","",""
"BATCH_B","07","lesson_07_audio_first_known_content_recognition","Hear What You Already Know","L07_SEG_001","opening","NARRATION_SEGMENT","l07_ord_001_normal.mp3","lesson_07/voiceover/l07_ord_001_normal.mp3","3","ONE_PASS","TO_RECORD","Short open. Calm lift on the first words, then a clean stop.","Hear What You Already Know","","Hear What You Already Know","",""
"BATCH_B","07","lesson_07_audio_first_known_content_recognition","Hear What You Already Know","L07_SEG_002","opening","NARRATION_SEGMENT","l07_ord_002_normal.mp3","lesson_07/voiceover/l07_ord_002_normal.mp3","7","ONE_PASS","TO_RECORD","Steady overview line. Keep it calm, clear, and lightly encouraging.","After this lesson, you can catch familiar Arabic from audio across one word and one tiny line.","","After this lesson, you can catch familiar Arabic from audio across one word and one tiny line.","",""
"BATCH_B","07","lesson_07_audio_first_known_content_recognition","Hear What You Already Know","L07_SEG_003","opening","NARRATION_SEGMENT","l07_ord_003_normal.mp3","lesson_07/voiceover/l07_ord_003_normal.mp3","6","ONE_PASS","TO_RECORD","Steady overview line. Keep it calm, clear, and lightly encouraging.","Recognize already known beginner Arabic content directly from audio before relying on print.","","Recognize already known beginner Arabic content directly from audio before relying on print.","",""
"BATCH_B","07","lesson_07_audio_first_known_content_recognition","Hear What You Already Know","L07_SEG_004","section_header","NARRATION_SEGMENT","l07_ord_004_normal.mp3","lesson_07/voiceover/l07_ord_004_normal.mp3","3","ONE_PASS","TO_RECORD","Short open. Calm lift on the first words, then a clean stop.","Lesson Goal","","Lesson Goal","",""
"BATCH_B","07","lesson_07_audio_first_known_content_recognition","Hear What You Already Know","L07_SEG_005","teaching_narration","NARRATION_SEGMENT","l07_ord_005_normal.mp3","lesson_07/voiceover/l07_ord_005_normal.mp3","5","ONE_PASS","TO_RECORD","Teaching line. Warm, calm, and conversational with one clear sentence boundary.","Listen for content you already know before your eyes do the work.","","Listen for content you already know before your eyes do the work.","",""
"BATCH_B","07","lesson_07_audio_first_known_content_recognition","Hear What You Already Know","L07_SEG_006","section_header","NARRATION_SEGMENT","l07_ord_006_normal.mp3","lesson_07/voiceover/l07_ord_006_normal.mp3","3","ONE_PASS","TO_RECORD","Short open. Calm lift on the first words, then a clean stop.","Listen To The Known Pack","","Listen To The Known Pack","",""
"BATCH_B","07","lesson_07_audio_first_known_content_recognition","Hear What You Already Know","L07_SEG_007","teaching_narration","NARRATION_SEGMENT","l07_ord_007_normal.mp3","lesson_07/voiceover/l07_ord_007_normal.mp3","6","ONE_PASS","TO_RECORD","Teaching line. Warm and clear. Slow slightly around the Arabic and return to the base pace after it.","Nothing new is being added here. كتاب, باب, قلم, and tiny هذا lines are just becoming more audible.","كتاب باب قلم هذا","Nothing new is being added here. كتاب, باب, قلم, and tiny هذا lines are just becoming more audible.","",""
"BATCH_B","07","lesson_07_audio_first_known_content_recognition","Hear What You Already Know","L07_SEG_008","section_header","NARRATION_SEGMENT","l07_ord_008_normal.mp3","lesson_07/voiceover/l07_ord_008_normal.mp3","3","ONE_PASS","TO_RECORD","Short open. Calm lift on the first words, then a clean stop.","Word Or Tiny Line?","","Word Or Tiny Line?","",""
"BATCH_B","07","lesson_07_audio_first_known_content_recognition","Hear What You Already Know","L07_SEG_009","teaching_narration","NARRATION_SEGMENT","l07_ord_009_normal.mp3","lesson_07/voiceover/l07_ord_009_normal.mp3","5","ONE_PASS","TO_RECORD","Teaching line. Warm, calm, and conversational with one clear sentence boundary.","Listen for whether you heard the word alone or the tiny line that wraps it.","","Listen for whether you heard the word alone or the tiny line that wraps it.","",""
"BATCH_B","07","lesson_07_audio_first_known_content_recognition","Hear What You Already Know","L07_SEG_010","section_header","NARRATION_SEGMENT","l07_ord_010_normal.mp3","lesson_07/voiceover/l07_ord_010_normal.mp3","3","ONE_PASS","TO_RECORD","Short open. Calm lift on the first words, then a clean stop.","Listen First","","Listen First","",""
"BATCH_B","07","lesson_07_audio_first_known_content_recognition","Hear What You Already Know","L07_SEG_011","teaching_narration","NARRATION_SEGMENT","l07_ord_011_normal.mp3","lesson_07/voiceover/l07_ord_011_normal.mp3","6","ONE_PASS","TO_RECORD","Teaching line. Warm, calm, and conversational with one clear sentence boundary.","This is still a very small listening win. The goal is simply to hear what you already know more directly.","","This is still a very small listening win. The goal is simply to hear what you already know more directly.","",""
"BATCH_B","07","lesson_07_audio_first_known_content_recognition","Hear What You Already Know","L07_SEG_012","instruction_prompt","NARRATION_SEGMENT","l07_ord_012_normal.mp3","lesson_07/voiceover/l07_ord_012_normal.mp3","5","REPEATABLE","TO_RECORD","Instructional prompt. Keep the action verb crisp, leave one clean beat before the Arabic, and allow answer space at the end.","Listen first, then tap قلم.","قلم","Listen first, then tap قلم.","",""
"BATCH_B","07","lesson_07_audio_first_known_content_recognition","Hear What You Already Know","L07_SEG_013","instruction_prompt","NARRATION_SEGMENT","l07_ord_013_normal.mp3","lesson_07/voiceover/l07_ord_013_normal.mp3","5","REPEATABLE","TO_RECORD","Instructional prompt. Keep the action verb crisp, leave one clean beat before the Arabic, and allow answer space at the end.","Listen first, then tap هذا كتاب.","هذا كتاب","Listen first, then tap هذا كتاب.","",""
"BATCH_B","07","lesson_07_audio_first_known_content_recognition","Hear What You Already Know","L07_SEG_014","instruction_prompt","NARRATION_SEGMENT","l07_ord_014_normal.mp3","lesson_07/voiceover/l07_ord_014_normal.mp3","5","REPEATABLE","TO_RECORD","Instructional prompt. Keep the action verb crisp, leave one clean beat before the Arabic, and allow answer space at the end.","Listen first, then tap هذا قلم.","هذا قلم","Listen first, then tap هذا قلم.","",""
"BATCH_B","07","lesson_07_audio_first_known_content_recognition","Hear What You Already Know","L07_SEG_015","instruction_prompt","NARRATION_SEGMENT","l07_ord_015_normal.mp3","lesson_07/voiceover/l07_ord_015_normal.mp3","5","REPEATABLE","TO_RECORD","Instructional prompt. Keep the action verb crisp and allow a short answer pause at the end.","Listen carefully. Did you hear the word alone or the full line?","","Listen carefully. Did you hear the word alone or the full line?","",""
"BATCH_B","07","lesson_07_audio_first_known_content_recognition","Hear What You Already Know","L07_SEG_016","instruction_prompt","NARRATION_SEGMENT","l07_ord_016_normal.mp3","lesson_07/voiceover/l07_ord_016_normal.mp3","5","REPEATABLE","TO_RECORD","Instructional prompt. Keep the action verb crisp and allow a short answer pause at the end.","You just heard the line. Build it again.","","You just heard the line. Build it again.","",""
"BATCH_B","07","lesson_07_audio_first_known_content_recognition","Hear What You Already Know","L07_SEG_017","instruction_prompt","NARRATION_SEGMENT","l07_ord_017_normal.mp3","lesson_07/voiceover/l07_ord_017_normal.mp3","5","REPEATABLE","TO_RECORD","Instructional prompt. Keep the action verb crisp and allow a short answer pause at the end.","Hear it, say it once, then type the same line.","","Hear it, say it once, then type the same line.","",""
"BATCH_B","07","lesson_07_audio_first_known_content_recognition","Hear What You Already Know","L07_AR_001","list","ARABIC_ASSET","l07_ar_001_normal.mp3","lesson_07/voiceover/l07_ar_001_normal.mp3","6","REPEATABLE","TO_RECORD","Arabic list, not a sentence. Give each item its own beat and keep the order clean. Preserve the source spoken-versus-display split exactly as written. Spoken text follows audioQueryText; display text preserves on-screen form.","كتاب باب قلم هذا كتاب هذا قلم","كتاب باب قلم هذا كتاب هذا قلم","display=كتاب / باب / قلم / هذا كتاب / هذا قلم ; meaning=known Stage B pack ; notes=Spoken text follows audioQueryText; display text preserves on-screen form.","",""
"BATCH_B","07","lesson_07_audio_first_known_content_recognition","Hear What You Already Know","L07_AR_002","list","ARABIC_ASSET","l07_ar_002_normal.mp3","lesson_07/voiceover/l07_ar_002_normal.mp3","5","REPEATABLE","TO_RECORD","Arabic list, not a sentence. Give each item its own beat and keep the order clean.","قلم / هذا قلم","قلم / هذا قلم","display=قلم / هذا قلم","",""
"BATCH_B","07","lesson_07_audio_first_known_content_recognition","Hear What You Already Know","L07_AR_003","word","ARABIC_ASSET","l07_ar_003_normal.mp3","lesson_07/voiceover/l07_ar_003_normal.mp3","3","REPEATABLE","TO_RECORD","Single Arabic word. Neutral model, one clean pronunciation, no extra sentence melody.","قلم","قلم","display=قلم ; meaning=pen","",""
"BATCH_B","07","lesson_07_audio_first_known_content_recognition","Hear What You Already Know","L07_AR_004","short_phrase","ARABIC_ASSET","l07_ar_004_normal.mp3","lesson_07/voiceover/l07_ar_004_normal.mp3","3","REPEATABLE","TO_RECORD","Short Arabic phrase. Keep the word boundary clear and easy to repeat once.","هذا كتاب","هذا كتاب","display=هذا كتاب ; meaning=this is a book","",""
"BATCH_B","07","lesson_07_audio_first_known_content_recognition","Hear What You Already Know","L07_AR_005","short_phrase","ARABIC_ASSET","l07_ar_005_normal.mp3","lesson_07/voiceover/l07_ar_005_normal.mp3","3","REPEATABLE","TO_RECORD","Short Arabic phrase. Keep the word boundary clear and easy to repeat once.","هذا قلم","هذا قلم","display=هذا قلم ; meaning=this is a pen","",""
"BATCH_B","08","lesson_08_first_usable_arabic_pack","Your First Usable Arabic Pack","L08_SEG_001","opening","NARRATION_SEGMENT","l08_ord_001_normal.mp3","lesson_08/voiceover/l08_ord_001_normal.mp3","3","ONE_PASS","TO_RECORD","Short open. Calm lift on the first words, then a clean stop.","Your First Usable Arabic Pack","","Your First Usable Arabic Pack","",""
"BATCH_B","08","lesson_08_first_usable_arabic_pack","Your First Usable Arabic Pack","L08_SEG_002","opening","NARRATION_SEGMENT","l08_ord_002_normal.mp3","lesson_08/voiceover/l08_ord_002_normal.mp3","7","ONE_PASS","TO_RECORD","Steady overview line. Keep the English flowing and slow slightly around Arabic inserts.","After this lesson, you can handle كتاب, باب, قلم, هذا كتاب, and هذا قلم as one small usable Arabic pack.","كتاب باب قلم هذا كتاب هذا قلم","After this lesson, you can handle كتاب, باب, قلم, هذا كتاب, and هذا قلم as one small usable Arabic pack.","",""
"BATCH_B","08","lesson_08_first_usable_arabic_pack","Your First Usable Arabic Pack","L08_SEG_003","opening","NARRATION_SEGMENT","l08_ord_003_normal.mp3","lesson_08/voiceover/l08_ord_003_normal.mp3","6","ONE_PASS","TO_RECORD","Steady overview line. Keep it calm, clear, and lightly encouraging.","Stabilize one tiny Arabic pack across reading, listening, recall, and short output.","","Stabilize one tiny Arabic pack across reading, listening, recall, and short output.","",""
"BATCH_B","08","lesson_08_first_usable_arabic_pack","Your First Usable Arabic Pack","L08_SEG_004","section_header","NARRATION_SEGMENT","l08_ord_004_normal.mp3","lesson_08/voiceover/l08_ord_004_normal.mp3","3","ONE_PASS","TO_RECORD","Short open. Calm lift on the first words, then a clean stop.","Lesson Goal","","Lesson Goal","",""
"BATCH_B","08","lesson_08_first_usable_arabic_pack","Your First Usable Arabic Pack","L08_SEG_005","teaching_narration","NARRATION_SEGMENT","l08_ord_005_normal.mp3","lesson_08/voiceover/l08_ord_005_normal.mp3","5","ONE_PASS","TO_RECORD","Teaching line. Warm, calm, and conversational with one clear sentence boundary.","Finish Stage B by using one small Arabic pack across more than one channel.","","Finish Stage B by using one small Arabic pack across more than one channel.","",""
"BATCH_B","08","lesson_08_first_usable_arabic_pack","Your First Usable Arabic Pack","L08_SEG_006","section_header","NARRATION_SEGMENT","l08_ord_006_normal.mp3","lesson_08/voiceover/l08_ord_006_normal.mp3","3","ONE_PASS","TO_RECORD","Short open. Calm lift on the first words, then a clean stop.","Your First Pack","","Your First Pack","",""
"BATCH_B","08","lesson_08_first_usable_arabic_pack","Your First Usable Arabic Pack","L08_SEG_007","teaching_narration","NARRATION_SEGMENT","l08_ord_007_normal.mp3","lesson_08/voiceover/l08_ord_007_normal.mp3","6","ONE_PASS","TO_RECORD","Teaching line. Warm, calm, and conversational with one clear sentence boundary.","These items now belong together as one small Arabic pack you can read, hear, recall, and say.","","These items now belong together as one small Arabic pack you can read, hear, recall, and say.","",""
"BATCH_B","08","lesson_08_first_usable_arabic_pack","Your First Usable Arabic Pack","L08_SEG_008","section_header","NARRATION_SEGMENT","l08_ord_008_normal.mp3","lesson_08/voiceover/l08_ord_008_normal.mp3","3","ONE_PASS","TO_RECORD","Short open. Calm lift on the first words, then a clean stop.","More Than Review","","More Than Review","",""
"BATCH_B","08","lesson_08_first_usable_arabic_pack","Your First Usable Arabic Pack","L08_SEG_009","teaching_narration","NARRATION_SEGMENT","l08_ord_009_normal.mp3","lesson_08/voiceover/l08_ord_009_normal.mp3","6","ONE_PASS","TO_RECORD","Teaching line. Warm, calm, and conversational with one clear sentence boundary.","This is not a bland recap. The point is that your early Arabic now works across reading, listening, recall, and one short output step.","","This is not a bland recap. The point is that your early Arabic now works across reading, listening, recall, and one short output step.","",""
"BATCH_B","08","lesson_08_first_usable_arabic_pack","Your First Usable Arabic Pack","L08_SEG_010","section_header","NARRATION_SEGMENT","l08_ord_010_normal.mp3","lesson_08/voiceover/l08_ord_010_normal.mp3","3","ONE_PASS","TO_RECORD","Short open. Calm lift on the first words, then a clean stop.","Word Or Line?","","Word Or Line?","",""
"BATCH_B","08","lesson_08_first_usable_arabic_pack","Your First Usable Arabic Pack","L08_SEG_011","teaching_narration","NARRATION_SEGMENT","l08_ord_011_normal.mp3","lesson_08/voiceover/l08_ord_011_normal.mp3","6","ONE_PASS","TO_RECORD","Teaching line. Warm, calm, and conversational with one clear sentence boundary.","Keep noticing the difference between a word on its own and a tiny line that uses it.","","Keep noticing the difference between a word on its own and a tiny line that uses it.","",""
"BATCH_B","08","lesson_08_first_usable_arabic_pack","Your First Usable Arabic Pack","L08_SEG_012","instruction_prompt","NARRATION_SEGMENT","l08_ord_012_normal.mp3","lesson_08/voiceover/l08_ord_012_normal.mp3","5","REPEATABLE","TO_RECORD","Instructional prompt. Keep the action verb crisp and allow a short answer pause at the end.","Which Arabic word in your pack means pen?","","Which Arabic word in your pack means pen?","",""
"BATCH_B","08","lesson_08_first_usable_arabic_pack","Your First Usable Arabic Pack","L08_SEG_013","instruction_prompt","NARRATION_SEGMENT","l08_ord_013_normal.mp3","lesson_08/voiceover/l08_ord_013_normal.mp3","5","REPEATABLE","TO_RECORD","Instructional prompt. Keep the action verb crisp, leave one clean beat before the Arabic, and allow answer space at the end.","Listen first, then tap هذا قلم.","هذا قلم","Listen first, then tap هذا قلم.","",""
"BATCH_B","08","lesson_08_first_usable_arabic_pack","Your First Usable Arabic Pack","L08_SEG_014","instruction_prompt","NARRATION_SEGMENT","l08_ord_014_normal.mp3","lesson_08/voiceover/l08_ord_014_normal.mp3","5","REPEATABLE","TO_RECORD","Instructional prompt. Keep the action verb crisp and allow a short answer pause at the end.","Which item is the full line this is a pen?","","Which item is the full line this is a pen?","",""
"BATCH_B","08","lesson_08_first_usable_arabic_pack","Your First Usable Arabic Pack","L08_SEG_015","instruction_prompt","NARRATION_SEGMENT","l08_ord_015_normal.mp3","lesson_08/voiceover/l08_ord_015_normal.mp3","5","REPEATABLE","TO_RECORD","Instructional prompt. Keep the action verb crisp and allow a short answer pause at the end.","You mean pen. Recall the Arabic word from your pack.","","You mean pen. Recall the Arabic word from your pack.","",""
"BATCH_B","08","lesson_08_first_usable_arabic_pack","Your First Usable Arabic Pack","L08_SEG_016","instruction_prompt","NARRATION_SEGMENT","l08_ord_016_normal.mp3","lesson_08/voiceover/l08_ord_016_normal.mp3","5","REPEATABLE","TO_RECORD","Instructional prompt. Keep the action verb crisp and allow a short answer pause at the end.","Build the line for this is a book.","","Build the line for this is a book.","",""
"BATCH_B","08","lesson_08_first_usable_arabic_pack","Your First Usable Arabic Pack","L08_SEG_017","instruction_prompt","NARRATION_SEGMENT","l08_ord_017_normal.mp3","lesson_08/voiceover/l08_ord_017_normal.mp3","5","REPEATABLE","TO_RECORD","Instructional prompt. Keep the action verb crisp and allow a short answer pause at the end.","Finish Stage B by saying one full line, then type it.","","Finish Stage B by saying one full line, then type it.","",""
"BATCH_B","08","lesson_08_first_usable_arabic_pack","Your First Usable Arabic Pack","L08_AR_001","list","ARABIC_ASSET","l08_ar_001_normal.mp3","lesson_08/voiceover/l08_ar_001_normal.mp3","6","REPEATABLE","TO_RECORD","Arabic list, not a sentence. Give each item its own beat and keep the order clean. Preserve the source spoken-versus-display split exactly as written. Spoken text follows audioQueryText; display text preserves on-screen form.","كتاب باب قلم هذا كتاب هذا قلم","كتاب باب قلم هذا كتاب هذا قلم","display=كتاب
باب
قلم
هذا كتاب
هذا قلم ; meaning=book / door / pen / this is a book / this is a pen ; notes=Spoken text follows audioQueryText; display text preserves on-screen form.","",""
"BATCH_B","08","lesson_08_first_usable_arabic_pack","Your First Usable Arabic Pack","L08_AR_002","list","ARABIC_ASSET","l08_ar_002_normal.mp3","lesson_08/voiceover/l08_ar_002_normal.mp3","5","REPEATABLE","TO_RECORD","Arabic list, not a sentence. Give each item its own beat and keep the order clean.","قلم / هذا قلم","قلم / هذا قلم","display=قلم / هذا قلم","",""
"BATCH_B","08","lesson_08_first_usable_arabic_pack","Your First Usable Arabic Pack","L08_AR_003","word","ARABIC_ASSET","l08_ar_003_normal.mp3","lesson_08/voiceover/l08_ar_003_normal.mp3","3","REPEATABLE","TO_RECORD","Single Arabic word. Neutral model, one clean pronunciation, no extra sentence melody.","قلم","قلم","display=قلم ; meaning=pen","",""
"BATCH_B","08","lesson_08_first_usable_arabic_pack","Your First Usable Arabic Pack","L08_AR_004","short_phrase","ARABIC_ASSET","l08_ar_004_normal.mp3","lesson_08/voiceover/l08_ar_004_normal.mp3","3","REPEATABLE","TO_RECORD","Short Arabic phrase. Keep the word boundary clear and easy to repeat once.","هذا قلم","هذا قلم","display=هذا قلم ; meaning=this is a pen","",""
"BATCH_B","08","lesson_08_first_usable_arabic_pack","Your First Usable Arabic Pack","L08_AR_005","build_artifact","ARABIC_ASSET","l08_ar_005_normal.mp3","lesson_08/voiceover/l08_ar_005_normal.mp3","3","ONE_PASS","TO_RECORD","Build artifact, not natural continuous speech. Keep it out of blind TTS export until confirmed. Hold from automatic export until scope is confirmed.","هذا كتاب","هذا كتاب","display=هذا كتاب ; meaning=this is a book","",""
